-- phpMyAdmin SQL Dump
-- version 4.8.2
-- https://www.phpmyadmin.net/
--
-- Host: 127.0.0.1
-- Generation Time: Aug 17, 2018 at 02:21 PM
-- Server version: 10.1.34-MariaDB
-- PHP Version: 7.2.8

SET SQL_MODE = "NO_AUTO_VALUE_ON_ZERO";
SET AUTOCOMMIT = 0;
START TRANSACTION;
SET time_zone = "+00:00";


/*!40101 SET @OLD_CHARACTER_SET_CLIENT=@@CHARACTER_SET_CLIENT */;
/*!40101 SET @OLD_CHARACTER_SET_RESULTS=@@CHARACTER_SET_RESULTS */;
/*!40101 SET @OLD_COLLATION_CONNECTION=@@COLLATION_CONNECTION */;
/*!40101 SET NAMES utf8mb4 */;

--
-- Database: `insurance_is_db`
--

-- --------------------------------------------------------

--
-- Table structure for table `r_agent_information_details`
--

CREATE TABLE `r_agent_information_details` (
  `ai_id` int(10) UNSIGNED NOT NULL,
  `ai_name` varchar(100) DEFAULT NULL,
  `ai_code` varchar(100) DEFAULT NULL,
  `ai_branch` varchar(100) DEFAULT NULL
) ENGINE=InnoDB DEFAULT CHARSET=latin1;

--
-- Dumping data for table `r_agent_information_details`
--

INSERT INTO `r_agent_information_details` (`ai_id`, `ai_name`, `ai_code`, `ai_branch`) VALUES
(1, '', '', ''),
(2, 'PLAN JOHN PAUL', 'OLK092', 'BRANCH 2'),
(3, '', '', ''),
(4, '', '', '');

-- --------------------------------------------------------

--
-- Table structure for table `r_application_form_details`
--

CREATE TABLE `r_application_form_details` (
  `af_id` int(10) UNSIGNED NOT NULL,
  `af_applicationnumber` varchar(20) DEFAULT NULL,
  `af_clientnumber` varchar(20) DEFAULT NULL,
  `af_dateapplied` varchar(20) DEFAULT NULL
) ENGINE=InnoDB DEFAULT CHARSET=latin1;

--
-- Dumping data for table `r_application_form_details`
--

INSERT INTO `r_application_form_details` (`af_id`, `af_applicationnumber`, `af_clientnumber`, `af_dateapplied`) VALUES
(1, '12345', '', '08/17/2018'),
(2, '', '', ''),
(3, '12345', '', '08/17/2018'),
(4, '1234', '00001', '08/17/2018');

-- --------------------------------------------------------

--
-- Table structure for table `r_application_requirements_details`
--

CREATE TABLE `r_application_requirements_details` (
  `ar_id` int(10) UNSIGNED NOT NULL,
  `ar_req1` bit(1) DEFAULT b'0',
  `ar_req2` bit(1) DEFAULT b'0',
  `ar_req3` bit(1) DEFAULT b'0',
  `ar_req4` bit(1) DEFAULT b'0',
  `ar_req5` bit(1) DEFAULT b'0',
  `ar_ref_c_id` int(10) UNSIGNED NOT NULL
) ENGINE=InnoDB DEFAULT CHARSET=latin1;

--
-- Dumping data for table `r_application_requirements_details`
--

INSERT INTO `r_application_requirements_details` (`ar_id`, `ar_req1`, `ar_req2`, `ar_req3`, `ar_req4`, `ar_req5`, `ar_ref_c_id`) VALUES
(1, b'1', b'1', b'1', b'1', b'1', 1),
(2, b'0', b'0', b'0', b'0', b'0', 2),
(3, b'0', b'0', b'0', b'0', b'0', 3),
(4, b'1', b'1', b'1', b'1', b'1', 4);

-- --------------------------------------------------------

--
-- Table structure for table `r_application_status_details`
--

CREATE TABLE `r_application_status_details` (
  `as_id` int(10) UNSIGNED NOT NULL,
  `as_ref_c_id` int(10) UNSIGNED NOT NULL,
  `as_status` varchar(100) NOT NULL
) ENGINE=InnoDB DEFAULT CHARSET=latin1;

--
-- Dumping data for table `r_application_status_details`
--

INSERT INTO `r_application_status_details` (`as_id`, `as_ref_c_id`, `as_status`) VALUES
(1, 1, 'Issued'),
(2, 2, 'Issued'),
(3, 3, 'Pending'),
(4, 4, 'Issued');

-- --------------------------------------------------------

--
-- Table structure for table `r_beneficial_owner_details`
--

CREATE TABLE `r_beneficial_owner_details` (
  `bo_id` int(10) UNSIGNED NOT NULL,
  `bo_name` varchar(100) DEFAULT NULL,
  `bo_contactnumber` varchar(100) DEFAULT NULL
) ENGINE=InnoDB DEFAULT CHARSET=latin1;

--
-- Dumping data for table `r_beneficial_owner_details`
--

INSERT INTO `r_beneficial_owner_details` (`bo_id`, `bo_name`, `bo_contactnumber`) VALUES
(1, '', ''),
(2, '', ''),
(3, '', ''),
(4, '', '');

-- --------------------------------------------------------

--
-- Table structure for table `r_client_details`
--

CREATE TABLE `r_client_details` (
  `c_id` int(10) UNSIGNED NOT NULL,
  `c_ref_af_id` int(10) UNSIGNED NOT NULL,
  `c_ref_ai_id` int(10) UNSIGNED NOT NULL,
  `c_ref_li_id` int(10) UNSIGNED NOT NULL,
  `c_ref_p_id` int(10) UNSIGNED NOT NULL,
  `c_ref_bo_id` int(10) UNSIGNED NOT NULL,
  `c_ref_pb_id` int(10) UNSIGNED NOT NULL,
  `c_ref_sb_id` int(10) UNSIGNED NOT NULL,
  `c_ref_pi_id` int(10) UNSIGNED NOT NULL
) ENGINE=InnoDB DEFAULT CHARSET=latin1;

--
-- Dumping data for table `r_client_details`
--

INSERT INTO `r_client_details` (`c_id`, `c_ref_af_id`, `c_ref_ai_id`, `c_ref_li_id`, `c_ref_p_id`, `c_ref_bo_id`, `c_ref_pb_id`, `c_ref_sb_id`, `c_ref_pi_id`) VALUES
(1, 1, 1, 1, 1, 1, 1, 1, 1),
(2, 2, 2, 2, 2, 2, 2, 2, 2),
(3, 3, 3, 3, 3, 3, 3, 3, 3),
(4, 4, 4, 4, 4, 4, 4, 4, 4);

-- --------------------------------------------------------

--
-- Table structure for table `r_file_details`
--

CREATE TABLE `r_file_details` (
  `f_id` int(10) UNSIGNED NOT NULL,
  `f_file` blob,
  `f_name` varchar(200) DEFAULT NULL,
  `f_ref_c_id` int(10) UNSIGNED NOT NULL
) ENGINE=InnoDB DEFAULT CHARSET=latin1;

--
-- Dumping data for table `r_file_details`
--

INSERT INTO `r_file_details` (`f_id`, `f_file`, `f_name`, `f_ref_c_id`) VALUES
(1, 0x89504e470d0a1a0a0000000d494844520000029d000001f108060000002f0b0782000000017352474200aece1ce90000000467414d410000b18f0bfc6105000000097048597300000ec400000ec401952b0e1b00006d8849444154785eeddd0b7c54e58137fedfdc2fb913480a2841e4b2e225a825b61403b286d616b2b442fdf4d5bc6b6dd87f7795d576596b59d8b60b8d4ab3edc766dd7d2ba975176dd72295067a596345a3b235784321dc2f4108245c724fe63effe7997926330999642699996492df773beb3973e69ce79c3367985f9ecb198d57403fce9c7a0595cfff0effbde34378e141469619f5a72f22d33409f33e950acbb9f770ad4587fbfff11f917beb2de868be8c54ad078d478fe177bfafc1fe860eacfbc9167ce5be07d170a905dd6e373406c0ded906bdd89ede608635350b76b70effdf03f7e07bfff40d5572ffda5a5bd5d4d035be5482d927d6a0f5d102f54c38b528cfac405edd56ac9a22e63667a208aff8d76bd88692b95528f62d93af5b0a54b760ed7cb56a048c4623cc168b9a232222221afbb4eabf57c8c8f462c2c474783d1eb8ba3d68bbe080c66186499786e60b9db8d8ecc4fb0d9770f8f4199cdcf7214c2e278eec3f84c3a71a71e86c13befb931fe1892736e1f22797e1b57542ab6b414be70991b8ec489f300916e3045c376b1ef422f2bef5d6ebaad4d1a9e0d19660509db20a5b5bfc61542cc1da96e802a7e416019c888888683c091b3abd5e079a9a1ad1ddd90e83468feed66ea459ad98989982c7bef3086efdec6d6836a4e2f7afed86bdb5194d278ea1e1e42768bcdc8ebfdf5486caffa8c0ab7fda81b9b3cdb018dad1d5d902a3310b575f7d239c0e03264fce454a8a1b972e1cc2c9931fab52c7078f08f244444444e349d8d0d9ded689a3478e223b2b153959e99899375904c82998980bbcbafb257c6e71019efae953f89b6fafc58cebaf43d655b9c8993d1d4bbe7637fefcf6ebd8fecb179197691401f52bf8d6b74b9062cc845e3309ad2d1e389c761c3afa1e76bfb61d26a30b1dad76556a8ced2d474666a67a94a3463d1d209bdb83cb3351be572de8c3f7bacdb56a4e36a997605b839c6ec4b6fbc3af174e981e0d444444446356d8d069efd460d1c28558fea53bb078e12df8fc5f16605efe547c7afed568b79dc60b2f3c83f2b21fe2c567ff0b6fbdf9bff0982dc8bb6136cc295a1c3e5a07b8ba9066d4c29aaec582859f814e6f06dc40f3a50674763588e0d50ab3c580d4942c783c29aad4189281b34876b76c1141573ceaf25055ba532d941a5173a21847d4f22395cbb1f1e96de259222222228ab5b0a1f3d0fe1368bb7c0126ad0dd9995a789ccdd06ada71e0e09fa1337a70eb673f8b638d0dd8fec757f183277f8653a72ec12202a4d6e341febcb9e8d6193061e65ce852a6a1a55b070fbcb0d92ec2e3be0883b61b3aad170ea70e1d5d3a64644f50a5c64eedee4d28ae2c41cf90a129ab502e8265502e563dba4afc7f35b7a018c53bea51afe6898888882876c286cebc69b3916ad163c6f449b875de1c646759f1e107efa070d1edf8e6df3e8279b7dc8ed49c5cb46b4ca86f73a27acf7e11280d70bb9cb865fe2d308a2079f07c1756ddb70e77af2c15e1b20d1e572bc42ba0f71a45384d13a558a1319a3163d635fe4207a0d168d454241a515f07e4e705226518a1cdef7357a34a3d1d6fd11d0b11111151f20b1b3aaf9a3e075ffce25db8eaaaa9d8fe9b9751f9f3ad3858578f0fdf3f822979d7236fc68d58f3cd35b0bbb4e8d4a5a0f664032e89cd398d46644d9c886f3db4061fbefb311aceb5c1e9968367ec22c49aa1d758a0438608a816b83ca278f1bf825be7a952c3d36ac3ee6a3f72913717d857dfbbb1bcfe4448f3ba0c9c4fe7f534afb7d66d41b15a146fd11d0b11111151f20b9b7e3ca66c6cffdd9b78e8db8f63d7ee8368eac810cfe661d6b485d0eb329131e36a1cbddc8849d3a6c0eb74029d0e68bbb4d0398d70dbecf852d167f0f57b8b50f1d47afcc3c30f60def5b3e071dae0d1b86083036e9937350618c5e3cec5b7f80b1d804ea7535391c99bb11c55a55b1118fe23efaf5951a6a685c6fa7dc0dcbc9ee6f5c63d5509abe98cf65888888888925dd8d0999535197587dc68ee4881d7940687ce8336473b7eb9ed57a83b7e0a25a50fe1fbfff2531c3f7e1e46b305878e1d4087a3196e9d1d97db2ec29a6ac65fdf77af0894b7e19bdfb8175fb873112c6603bc1e1734f040abd7001a2fa64f9f824585b7a952c3d3ebf56a2a32b92bb7e248e53e14059acfd7016b42fa74e6ae5c830d654b7b9ad7d79ec84f584d67b4c74244444494ecc2fe2291f4e26f5ec3c3df79122dad8d3099357077b762e2a46cb4b736c36577c10433d252adb8f186993870e01d546ef92166cdc84553c3394c9e78351cdd1ab474b623233b17db5efe039e7afa59b4dbbcd0e8aca264a308a01afce8c975287de01e55e2c03adadb93fe1e97b2693d354df667252222221a3f06ec5c78cf5796605efe5fc0689c24d2690e5252678bd0940bbbd322c29f1e13d274f8e3ceffc64ffef5fbf8fb871f80c56a12cf7be171bae0ecec80c6d98154831b8e8e4b4833ebe176d944815e78bd1eb8dd4ecc9f7f63c48153923f1f99ecc6c23110111111456bd0112d4f7eff21580d66a419d361d458d1d96a47aa391d19a956fce8f1473079a21357e59af1970b3e83496913a1b31b60f21a71f97c032c0617747088871b2663a01fa3c6575b2907706f7efcbbeab9c8184da6a4ee0f29f75d1e03111111d1783368e8ccbf61169ea9f807b89d17e07434c1de7d111d6d2dc8cc4847deb42cb4b77d0267f705a41a00b347842a8f1170eaf0f65b6fc1e9b2f9fa6f767576e0c48953627d0fdc5e1dbc22863efbccbf625efef5aa94c8992d1635957c9279df898888888663d0d029152f5b8c7faff80e6cb67380a61b26b301671a2ee0e9677e8986f397d1ddd5098dc706adbb1b70bba0d51af0da9befa0a9a5033aa3194d172fe3c55fbf0cbb5314a833e117954fe12b5ffea2da7a74646da1c56a5573c943ee3347ad131111d1781551e89456fcd55da8d9fd3b2cbc7d119c1e038c9649d8be733f36fff85722805e82cbdd09b7bb1536670b742294ba8da9f8fd1befc2ab35e15c5333da3aed5858b8187faade8ebbbffc05b5d5a131180c49153ce5beca7d262222221aaf061cbd1ececf9ffb2db63cb703c70fd7c36d3b83ab725cf8f1e38fe0eadc34187506385d16fcecf9eda8fa9f1a3cf48dafa1fab53fe3ee7b1fc0d7bff175b585d870bbddb07577fbfe3b1ac99a4dd9a4ce1a4e2222221aef86143a03de78f35d54bffa26de79e76d9c3b7b169fbe2e0b0f7eed4ee4644ec29f3e3a8923e73d585ab4044b9614aa35e2c361b7c3e1708c9adb29c9db22c951ea1c3444444444e437acd039dab89c4eb85c2e5fcda70ca0893a34f95bea3268ca1a4d79e3773d9bd2898888887a1953a1938888888846a788071211111111110d15432711111111c51d432711111111c51d432711111111c51d432711111111c51d432711111111c51d432711111111c51d432711111111c51d432711111111c51d432711111111c51d432711111111c51d432711111111c51d432711111111c51d432711111111c51d432711111111c51d432711111111c59dc62ba8692222a231a3bad58d9a36373eeaf2e0b4c38b1617bfee68fcc8d46b30cda8c14d562d0ad37528cad0a9252387a1938888c694ca26179ebde0c439113489c86fb208a00f4c32a03447af9e493c864e22221a133eecf2e07b9f387c359b44d43f59f3f983ab8c989792f81e960c9d444494f47635bbb1e6945dcd11d1602aa69bb02c2bb14dee1c48444444498d8193287af233233f3b89c49a4e22224a5ab249fdcb876d6a8e88a2f5f26c73c29ada59d3494444494bf6e124a2a1fbde99c47d86183a89882829c951ea1c3444343cf233243f4b89c0d04944444949de168988862f519f25864e22224a3af2c6efbc0f27516cc8cf92fc4cc51b43271111251df94b4351c93161dfcd569c0c79ec9b65500b479fd5b32c38799309abd53c8532a2fa660b5ec851b351196feb462eeacfd4103074121151d2195a5f4e0f5efca00bd7c8c759f1059baa8ff88bfc89eb121b52b71cedc6351fd9b145cd13c55b22fa473374121151d291bfa53e2c4d1eec776b906356f344e3dcb03f5311e07d3a898828e9c8dacaa8c8e6f5a91afce1031b1e93f3d3cc3899e945594f6da2012fdc64c0829e1f6891b5a2f2b57d9ff762cfd96edcdba4667bc826503d66aa39b8ddc16dabb2f63875582042eeb14b5d283aed6f425f97aaf1bd1c36175e841e77b99cc83feaec67ff42c9b27468bae4c10dd93aa4fb9e0becaf5faf6d0b8132fb5bb7ad4396a909d9ffdedbea7b6cfed7f737f0c47fae725a5c4076e0f5c1f3256b8b7b8e4f91cfdd0317ae39e818609ffb1aecf8c3bd97523cd78deebc2766dde8c86e27f1c49a4e22221a27b4b827d0a7335b833de743025d8e1639dd4e7fd3fb074eec716b7197af39dd897b3feac28b367fd8bae683fe02a7304d7c9d8a2f7afffa2e1cd3e9f0d5696a9924e6733afdcb6518f085048b0765bed78b47a7d837b37a6d4434589009fc5bc8fede739d512d3360b13eb8edb20e2f666686f60f0d59d7d7cdc020ce8916ef856ccb7fec920c3cfa5ec7d63448b78499d9816dc9f326cafa94bfecc73a3d48b76843f6c3885bcd22945e92f7891c6c9ffb1ae0f8c3be9701715a379af39ed075470f864e22221a2764ed90ff8bf99a0fdcc8996a4575201836d951d45303e7c4ebdd5ea4eb833547833a6d0ba95972e03d1152734c2161c5edc6af7b968b9060d1e0584b48e815ebcb601b3911d67a42b308c62d1eb1598d0a1a62fe6070db5b5a3d68d36970ad9aefb5aeaf9b810cd46e556bd6e7d845989ed96bdf1df875077043466810ebedd8a5600ddc6397dcc1b24fbbb1072161dcb76d0f5ef785f8c1f6b9af018e7fd0f7324eebcaf948cf7b42d71d3d183a898828e964461308fbe540d1250f66a6046a8bfc4dbd8191eda14d959191cdb2c1f507aeb5d42047e745533c7fbd5336cfab7d393935d024db1f273e1119abc91e6cf20eb5da24ce834e8775816d89873c375105f21efe101738e74fa4687b07ef88f77970c3792f87751d0ce718466add0462e82422a2a433cd3894d0d39b2f502981fe86fe5a507f1365e4027d1903b5a8fee6f881f51dc464c0d5e12b0fa3230388ec0faaf64536a1b7a945d1da6217e7c1e6ea39ae9ec7c1a1fd74a2af16ceacc513bea6750fde0bd4a0c6709f87f35e0eeb3a18ce318cd4ba09c6d049444449e726eb70bfbe8cf86aaa06c73afdfd0965e00bd6f6f99bbf23d7b7e652062a35d92f7ff37baf7e77d37421835786c717a69dde9e1ac4d519daa1d77c9df6e098591fec86305c4d76fcc1a6c55d37e990d3d3a41fcb7d1ece7b39bceb6038c73052eb261a43271111259dc2f4a124346d7020d1cd7a117a9caa1fa6bf8fdcccec9065e24b3c94ec9be81f70d3df4dbafdfd1c174c0dac2fbe5a07a9e97ceca0d3d7bfb1a7d93ac513659fcef0b61c75fb82a27f5fac7848ef1d46cd97034567ddc8e93937f231bc1b95fb061489b76f7f6bb0493f76fb3cf87b19de70d61dde318cd4ba89c65b26111151525a70a07b0cfd1466b0897e28b7ba492a81e660defc7ed491a1359e58d349444449e98149b1ea0439f256cfd263812ea48fe398654475769f0144346eb0a693888892d65f1db625e4e7fb62adefcdbcfbdeec7b2c928374e4a8fef03797a79116ef9a4e864e22224a5a1f8ac0f965113c8968f8d8bc4e444414c63cab1615d34d6a8e884633864e22224a6acbb2740c9e444980a1938888929e0c9e2fcf31c7e0fe9d44142ffc741211d198209bda7f2b82e73f4d3562720c7eb188683c19dabd6fa3c381444444342655b7ba51d3e6f68d6e3fedf0a2c5c5af3ba2fec8c0f9fdab8cb846feba511c31741211111151dcb1799d88888888e28e359d4444444431908c5d3a64ede34236af131111118d7e954d2e3c7bc189732268262bd9aff33faf8defadc7183a898888888640fe22d6f73e7124e54fb1f6256b3c8ff317898888888846975dcd6edf4fb08e85c02925e228183a89888888a22003e79a537635479162e8242222228a906c5267e01c1a864e222222a208c93e9c34340c9d444444441190a3d4c74a1fce91c0d0494444441401795b241a3a864e222222a241c81bbf27f37d384703864e222222a241c85f1a1aaa27aeb3e2e4cdbd1fd5d3d4c27184a193888888681043ebcb6944b50898f7c0856b3ee80a3e2e79906332a8d78c1f0c9d444444448390bfa51ead27aed323a7c3896b0ef619f17eda86fca3e3af7f284327111111d1205a5c5186ce1c13ee327bf08741c3a5012fdc14daf46ec6136a899fbfb6d4bfcc8217a699b0afe7357299782ec737e337cd8c933799b05acd8e260c9d44444444b166d620ddedc571351b568e1639dd4ed5f4eec41eb71677cd0a34bdcb50a9072e059ae65d40a60ee96a69b261e8242222224a805e038aae33fa9f6cb2a3a8a736d489d7bbbd48d76bfcb3d3b498e976e3d7a7fdb372f9bde7dd685373c986a193888888681099812018299b176d3a0dae55b3d26307fd3596651dbd9bea43c3e8bad46039ab4d62dae9c516351f4f511fdf103074121111110d629a31ca50d6e4c17eb716b70e726b241938ef72059ad7af0ca430687af7cf94cdf66a3296a23ebe2160e8242222221ac44dd6682393bf293c27db8a7d3d7d34fb32e06ab1a8c91e685e3760b12518feb6b47ad0a6d3e1ab3dc1d580173243f7c38b26b706376484f401cd1e5ab48bfef8a2c7d0494444443488c2749d9a8a42931df91fb8d0946a08f6e5f435a17bf1a2ef364a2298b67830530453ff323d729c21359d72fd4bbd97a325b44fa73fd8a267fb5abc275e3f14433abe2869bc829a26222222a230161ce81ef99fc294b744caf4a2ec237bccfa7a4e366ab0e77a8b9a8b1fd6741211111145e0814923fd2b42fee6f3b66e4f4c071725eab858d34944444414a1bf3a6c1be24f620e85ff3e9d33d59cd4d6e18ce9af19c9be9cbf9d635673f1c5d04944444414a10f45e0fcb2089e63c5cbb3cd98979298866f36af1311111145689e558b8ae9263597dce471242a704a0c9d44444444515896a54bfae029f75f1e4722317412111111454906b697e79813727fcb5892fb2b9bd4131d3825f6e9242222221a86ca26179ebde01cf9db290d40de16498e522fcdd1ab67128fa1938888882806aa5bdda86973fb46b79f1601b4c53572114bfe96bafc694b59b3296ffc5e9491f89acdbe183a8988888828eed8a79388888888e28ea19388888888e28ea19388888888e28ea19388888888e28ea19388888888e28ea19388888888e28ea19388888888e28ea19388888888e28ea19388888888e28ea19388888888e28ea19388888888e28ea19388888888e28ea19388888888e28ea19388888888e28ea19388888888e28ea19388888888e28ea19388888888e24ee315d474d273399d70b95c70bbddf0783c1843874621341a0db45a2d743a1df47a3df406835a42444444a3d598089d0ebb1d0e87c3173469fc9101d46834c26832a96788888868b449ead0296b346dddddbeff12c99a4fb3c5e2fb2f1111118d2e491b3a9d4e27babbbad41c5190c56a85814dee444444a34a520e2462e0a481c86b435e23444444347a245de8944de90c9c3418798db0db051111d1e89174a153f6e1248a04af152222a2d123a942a71ca5ceda2b8a94bc56e43543444444232fb942a7c3a1a68822c36b8688886874489ad0296ffccefb7052b4e43523af1d2222221a59c9133a5d2e3515bddacd99c8b87f1b1ad5fcb0346c43496609b635a8f951c677ac99e5a855f357d85b2e9667a27caf9a8ff478e47ab13a8751687ca904199bd5d10c711f8673ed101111516c244de81c725f4e11aa2aead66303aa50138ba0386515b6b66cc5aa296a7e142a5eb10f152ff517cd1ab1ede94d6a5a4982e3192ef6032622221a7949133a87dab4deb8a70a585682926540e9f361ebffc69caa5d3557d608eedd8a528800be42cd8f13ec9641444434f29226740eed87931a51b30b285e908bdc05c5282eabe9ddecac9a6bb7f99aa4439a9c5513b4ef2196d78636f18a2d94f76a8e6ec4b6fbd56be5a3e7757ebee6e1c0b22b9abde5b682eb96f45b3ba99acc43b6ebdfe6004de8cbd6a012abb135703c4aedee4dd8f06009f2d4bc5fdfe351e585d9e7fad0e3e975ac7dce43dffd0b3da75734e70f7c0e872b897fe995888868cc489ad039240d35a842310a65d3f1944214afd8849a3e410c3b56a3fe8e16b4b6b460ed7c312fc35111502de6e573ad654045e94eff6baf20c3d21c542d3bec7f6dcb6154d62ded09af321ccede558c236a5b472af7a1a857785d2a0b52ebbe82fcd2b5fdf6ad2c783474bbb5d85a0a31bf1605bea5fdc9c3aa07d763e3d321fd1f653783b2f52894c7380019388bf08ada27b9cf2111559cab0a94fb97d56d11213e78acf25cd7879e0771ae7b9af8fb9ed3ea7c94ae0becdbc0e790888888c686311d3a6b9f5f0d2c2b44ae6f2e1785cb9663e3ee3eb5682bb6a0242488c9dac0e2ca9260a09bb20ae595cbd54c1f32d4ee588f352bfd25c8327c61cf5786ac65dd890d0fae52e58ba52bd76043a0b6756f0d36f62abb00259540d59efe6a3bd5764588dcb67929f655960fde07737e2136ec08f663f59d8bd0e3ea8f0aa6d58f065f95bb7255701db1bfe5816315e765cd3a605fbdda5f31bf36e43cc8735d75a2de3777c5399d5f82ca401fdb01cf211111118d15633874d6a2a64c84b8d2393dcdb6b3658d6559c50023b51b515f07e4e70502d020ced68be8b40945816661f928da04d4d5cb2da17e07b0b1286459e6526cc43ed48bf21bebf7f96a0e6787ac2bf72f10d4ae307f2daae7ae46695d48f01b903fc4fafbb1ca73b1dcd7cd6040f27856e4f5697e8f5c68b3bcef5cfbf8cf69e8fb90913907a53b76a2feac583ce0398c0d8d46a3a688888868a48cddd0a96a12034ddb8147f53a11ecfaad4d0ceaa9bd53ea4f84695e9f9a87e27eca687d4ed66e8af0b662392aebfa2c5323c573f3f28175c166ec9e47482d632f3da3f0afecab194ea06675db4b15d8b86ecde0b5a3f2787688b0ac66a3210367c58c4013b96c960fd40e8b333117d8d0d38d20f8f0756718f01cc686563bb67b91101111258331fb6dec6bd2ed695a0f2ab8637dff23bb7d54b370e9567f13b8e46b7256d37dc97ea22204aeed770090dc1642fa2ef6219bbf43fb440ea816e573ab505cb6166bcbb6605f519f413a6115a070dd2694ca3ea0f70dd8b0eea7fabd16f51ab4b42d82b2fad610fbbb1604c873be31dc3e0f780e6343a7d3a9292222221a29633374fa826298e6645f5fc7f0b585b92bb7a25a04b59ee6de75c09a707d3a45b05cf59c1c0014da741c1c05efdbd6dcde4de8c191d905585b270364c8b27e6fd22e07da2c0dd654fafa98ee13fb1759f02cb86f8b08926a30d5a0e4f1f807f204f669f62e392c6930aa1f66cfb1ac45fddc9073367fad7f1055cf718a47cf4dde073e87b1a0d7ebd5141111118d148d3749ee27d3d6daaaa6122fd074bc35a2be94349ac8a6f5d4b434354744444423859ddd06b3b71c45910cc2a151c96834aa292222221a490c9d7df5ba89b97814ed4365ddd8fe99c8b14af6e5349a4c6a8e88888846129bd769cc4a494de520222222a25182359d342659ac56064e2222a25184a193c61c19380d06839a232222a2d180a193c60c59b3299bd41938898888469fa4099dbcd72285236f8b64369bd98793888868144b9a81441e8f07b6ee6eb85c2ef50c8d57f2b7d465d0940153fe31a267cd261111d1a89734a193888888889217fb741211111151dcb1797d946213321111118d2549133abb3a3bc7757f4e1940e54f3af217768888882819254df3fa781f40e4abe9b5d9d0d9d101b7dbad9e252222224a0eecd3996464e094c1d3e974aa6788888888463f86ce24d5ddd5c5e0494444444983a13389c9e0c9a6762222224a060c9d494e8ee8272222221aed183a939cace974d8ed6a8e888888687462e81c031c0e879a222222221a9d183ac700793b25170715111111d128367643e7de7264dcbf0d8d6a76b81a5f2a89e9f6626dbcdfc7948888884637d674462877e556b43eb70ab96a7eb4e128762222221acd183ac708d9c44e444444345a8d9bd059bb39131999e5a8f5cd3562dbfd723ef0083c2fd5a2bce7f94c94bca41ad4c336d7fbb755be57cdfaf89ff3af3b585925d8b6771b4afa5d1eb924f9097d2222221aa7c645e89481b3a86e0b8eb4ac45817ca2a106f5cb0ea3b5a5453c0ea372c52654a87059bb7929f6550697adc9f33d3d805c142e5b8e8dbb43a2a2d87ed58ef558b33277c0b2fc76a2f469a03c6479d1e6a1c44e222222a2d16bcc87cefa974afc8133b43fe69455582b03a18f3f34569da857f30899ce45c1fcc17b71e6ae5c830d6515d8d6e09f6fdc5385aa7585fe803b4859c072549605f62d17ab1e5c0fd4d5f753a34a44444494bcc676e8dcb11a45a5f9a8ee670090bfb9ddff985dba533d0b143cda826a2cf52f8b78b47a010ad7ed44d51e7f737acd2ea0f23e5fe4f40957562c69341a354544444434fa8cedd0b9620baa2bf7a1a84f3f4919022b66049abc5b70a472b95ae22783a7eff96555981d61f02cb8633daa76d5a05136ada3188553fccf0f5656ac68b5e3a67b2e11111125a1319f54f2566e15412f347836a2be0ec8cf0bd47dca9ac940ed6323b66d0e86ccdcbc7c351581f925a8147173edbad5c87f3050b33a5059b1a5d3e9d414111111d1e8332eaac7e43d36abd76d12c1538e32f7f79bdc581468f25e8bfab981dac75ce4613566aba6f08c22f4db34df3fd95f13be014485f3d553e2b9f065c5965eaf575344444444a38fc69b24f7da696b6d5553a397fcd5a2d927d6a0f5d1607fce44904deba969696a8e88888868f46147c05869d886b5a5bd0710258ad168545344444444a31343e7b0a99bbfcf5d8dfceaad58a50610258aeccb693499d41c111111d1e8c4e6f52497929aca414444444434eab1a6338959ac56064e2222224a0a0c9d494a064e83c1a0e688888888463786ce24236b3665933a03271111112593a4099de3fd3e94f2b64866b3997d38898888282925cd40228fc7035b77375c2e977a666c93bfa52e83a60c983270eb59b349444444492c69422711111111252ff6e924222222a2b863f33a2515763b2022224a4e49133abb3a3b1938e90a3280ca9f01e5af321111118d6e49d3bccec049fdf1d580db6ce8ece880dbed56cf121111d168c33e9d3426c8c02983a7d3e954cf101111d168c2d049634a77571783271111d128c4d049638e0c9e6c6a2722221a5d183a694c92773a202222a2d183a193c62459d3e9b0dbd51c1111118d34864e1ab31c0e879a222222a291c6d0496396bc9d928b838a8888884685b11b3af79623e3fe6d6854b3e13562dbfd9928dfab6687a416e59925d8d6a0664740ede64c646cae0dcc0d717fe47ac33d178349441941bcbf2b1111d1e8c09ace31a2e0d116b43e5aa0e686aa006b5b5ab076be9a1d92c1026f2cca881c47b11311118d0e0c9d34a6c926762222221a79e32774cae6f6cccc9e47c94b7d1bdefdcdec81e50337fff67e6dc94bf5eaf9007f137260794f337fc3369464968ba5017d9b9a0768ea57dd056a5f2a096eb7a7395dac299f0f99ef65d0630fe85b7eefe308aed7fbf83302c7e43bbea5d8889d289d2b9eefb77bc330cb8892d7eb55534444443492c64de8acdd0d54b7b4a0553eaad7a3aa746baf10b3b1682d50a696d76dc1bea2704dc4320ccd41d5b2c3fed78ac79a13ab45d00ab1b74616a696bf820d3b5663ab0c59530a51bc62136a02814bbc4eaeb77177604fea51bf633d0ac3353d8bed54a0bc671f8bcb960e128efd063bf6706a372fc5becac0711ec69a3cb5a0a106f53dc77f1895e2982a64589cb20a5be5f162392aebc4b2e7562157ad124ed46510111151521a37a1b3e0d1b5e8e9f138bf5004a37da80f09951baab762d5143523c2d39a753b51b5a79f9023c2509508866b5606e354c1a332688598bf36a4cf62010ad701fbeae5b67251b86cb99a16f1b57e1f36548af05857efaf119421745d61703ffb5ab105e581727dfb18d8eec0063bf681549d08d4e2e6a2607eb0ecb53dc7ef3fa6e0eba29788328888886864bcf5d65bf8c52f7e318e9ad77d4dbf81a65ad9043cb0bc19cbd5541f67eb51b5220f810ab9fef56e1a2e2a534f0bb979f9a8da55235ed1889a5df9285c59886254a14684c0dadd9bb0e18ee10e06ea4794c71e2007275563a97fbd3e4de5bed1f26a9bb34b77aa67a317ef32341a8d9a222222a2449381f3e4c993703a9de32474cad035b71e6b7c4db5f2d1a766b21ff527c2849ca97928de518f5e756e0df5d8a72603cdeff50f06ca12a16a9d5a24c99ac61d2264eead41d55c59ab296bf180aa3db5a8af5b8ebca9ea75b13284630fe51b152fd63bb2ac0ab355289461b06246b07bc191ca30013d42f12c43ab1d3f7f571111118d36478f1e855dfd42e0f8f846ee5b3ba9fa5286daf874482ddbde721495f56e42ef31250ff9e8ddbfb0f6f9d5a852d3fe7e99a1e1b1163521359d2262a15036dd3f5d857c55ab99bba018d85521b6518cc240137fac4470ecfd13e17973f09cc81a5abf46118e81fcbcc0b99135b643ade98c7f193a9d4e4d11111151a2c91acec09d64c647e89c5f824aacc66cd5549bb11b57d4f66d5806ac0d2c2fda87caba907e90bdc8fb4cbe82fcd2393d4dbf357784d61e16a0a412fed1dbbee53540684da75070c77a54edc80f0e18924176870855cb0ad14fcc1d9e088ebd7fb922a886ac570454fb0606e562d583ebb1b1483d9fb916f573436b21438ebfdfd1eba1865a46e4f47abd9a222222a291a4f126c93d65da5a5bd514516464d37a6a5a9a9a232222a2447be69967d4d4381abd4ee38fd168545344444434d2183a694c927d398d26939a232222a291c6d0496392d9625153444444341a3074d29863b15a396a9d8888689461e8a43145064e83c1a0e688888868b460e8a43141d66ca6a4a632701211118d5249133a79bf45ea8fbc2d92d96cf6054e36a91311118d5e49133ae5c010064f92bfa5ee1b996e34c26ab5faeec3c951ea444444a35fd2dc1c9e88888888920b6f0e4f44444444099534359df2c7e26ddddd70b95cea194a34d9b42dfb50cae66dd9d541cf413b4444443480a4ace964e01c79f2ef13b7db0d87c381aeae2e74b4b7c361b7aba544444444e1254de864e01c7d7cb5cf361b3a3b3a7c6194888888281cf6e9a461938153064fa7d3a99e2122222282effed9b26b9ec4d04931d3ddd5c5e0494444443d66cd9a0593bab5214327c5940c9e6c6a2722222269e1c285b8e69a6b7c359e49337abdadb5554dd16817f8494a222222a200d67452ccf946b873543b1111118560e8a4b890b755222222220a60e8a4b890b75372715011111111290c9d010ddb5092598e5adf4c2dca333351bed73713138d2f952063b37febfdf12dbf7f1b1ad57c6f727f4ab0ad41cd2609de5b9588888802183afb5580b52d2d583b5fcd2640eecaad687d6e1572d5fc58c051ec44444414c0d04971239bd889888888a4b11d3af796232333533dfa364ffb9bd003cbcbf7a8a77d1ab1edfe019ad77d4df121ebf6bcaef736fb6b2ef735a307968736b7cb7d0ddbbcde873aaeb0e5f674130827f4f5e2bcec0ded5a20f98f3fb8bda135ed27c9ddb88888882801c66ee894c1ac08a86e6941ab7c54e7a3745d20d4c9d0b5542ef42f6b398cbc5dab51e55b361811c8d6ad467ecfbaafa0502dc1de9a906dbe820d3b56636b68702d5b8ab52857cb0fa3b26e294a5e8a286606f98e6b9f5837d0fcef3f967d9587d5765b70a4721f8a06ec1f1a7aece5c0d3a1c72e03e71c94ce7da5677bbe733777b0204b44444414de980d9db5bb37a1b8b204056a1ef34b5029a2558dacb113e170e38a2d28e9e9b3998b55655b50ace622b1af3e10e90a5010d8cefcb521fd400b50b82ef475c2ba57b07565a0d7a628f3c1f5a8da5513261cf6e3ec3694f802e756ac9aa29e53c752deb35dd93f748d08bcea58fb1aecd81b6a50b5633daa1fed3973fe73b762136a6238b08a888888c697311a3a1b515f075495ce0969229e83d21d3b517f562caddf07cccd1be2a01d11d29e3b8ce25d6adbbd46a4f76e962e2a534f8733352f8aa0bb13a545b2863524700afd1f4b1ef256f88fb5af418ffd6c3daa5688f5d5ac5f2ef2e6f609d011d068346a8a888888c6bb311a3afd2169434f1372f0216b2273f3f281bafade358c326ca9c9c1c9e0e9df5e3596aae0e96f96ae7f305856f53affabc38aaacce5a8acde827d45bdfb9af67b2c3ecb9137554df635d0b1cb20bca31ef56a36547e5e74315dab1ddb5d86898888287263361514dcb11e1b8bc2f443f405abd0fe9622303ebd494d0fa616e521b59b793396ab2911d4768406bd5ad4f4ade92cab08199023b653b4091b1e8ce236495357616b5d9fe039bfd0d777746d48dfd0c697d6a214c5280ca9110dc85d503cf0b14f2944f18a4d28ea33c8a9a86c3d0a7b9ae423237f839d888888481abb5551f3d7fa07d4f434af8b476070cd946078f32f5b0b3c18699fce3ce4d52dedd9e6ec5dc538e2ebff5880924aa0746e609b3540df9ace75a2847581e5fec13f51df0b54ee7bb50cd4621bbe6028ef29fa0af243ba12f8f629dc3d3f43d7f7bdbeefb1fbbb0fc8414e81edf90764ad0df68f8d905eaf575344444434de69bc49725f9bb6d6563545312747c43f9d173ea80e816c5a4f4d4b537344444434deb1d3ddb8e76fe62f5e5618b3c029198d463545444444c4d0390ec9fb74069ad6e5c3dfcc1fbc95d3f0c9be9c469349cd11111111b1799de2202535958388888888a817d674524c59ac56064e222222ba024327c58c0c9c068341cd11111111053174d2b0c99a4dd9a4cec049444444e1244de8e43d1f471f795b24b3d9cc3e9c44444434a8a41948e4f17860ebee86cbe552cf50a2c9df52974153064cf947809e359b44444414a1a4099d4444444494bcd8a79388888888e28ecdeb94d4d8e44f4444941c9226747675763270d2a06400953fc1c95f442222221a5d92a6799d819322e1ab11b7d9d0d9d101b7dbad9e252222a291c63e9d3426c9c02983a7d3e954cf101111d14862e8a431adbbab8bc1938888681460e8a4314f064f36b51311118d2c864e1a17e49d0f88888868e43074d2b8206b3a1d76bb9a232222a24463e8a471c3e170a8292222224a34864e1a37e4ed945c1c544444443422c66ee86cd88692cc72d4aad9a05a946796605b839a0d51bb391319f76f43a39aef3166b6d5886df78b6d6dbe728d88b7b5b73cca7d19a0cc586e2b42bcdf2b1111d1c8604d6780083a1575ebb10155a8e927f84565b46e6bef5694ce15db2aabe927d0c5492ccb8cc1b6388a9d8888686430742a8d7baa806525285906943e3fbc78345ab755bb7b1336dcb11685eb36a1e2a52bea17e3229665c6625bb2899d888888128fa1d3a71135bb80e205b9c85d508ce261d5ca8dd66dd5a2a66c3d0ae7030577ac47d5ae9a2b9bb5632e9665c6665b5eaf574d11111151228df1d0b909459999c8e8f5588a8d6a698f861a54a1188553c4f4944214afd8849abdfe454149beadbd35d8b8ae1005727a7e2136ece8afb93ec26ded588dd97d5f3777b5d8d73e22293396db222222a2516b8c87cef5a86e69416bafc72bd8a09606d43ebf1a5856885cdf5c2e0a972dc7c6dd7deb1493795b8dd8f6b46c9af64536a10085eb76a26a4fdfbac2c8f60b2bb6e048dfd7d56d11f138548465c6725b444444346ab179ddd76c0b5495cee9a9699b5dba1328abe87724f9c046e9b6648de90e606391aa49148f22dfb6b78a52e2249665c6705b1a8d464d11111151223174ca66db7e6adbaa875293364ab725072355ad7ba5d7765a5b0ea3b2dfe6fad8886599b1dc9656cb4b9e888868248cfb6f603922bab8a7093b6828835546e7b6e460a49d214dd301e19aeb63219665c676ff753a9d9a222222a2441adfa153de03b36cb96f74f8157c835556636ba43569a3755bf2de963bfca3befbf28f881f4ad3ff206259668cf75fafd7ab292222224a248d3749ee21d3d6daaaa688864636ada7a6a5a9392222224a247670a371c36834aa292222224a34864e1a17645f4ea3c9a4e688888828d1183a695c305b2c6a8a888888460243278d7916ab95a3d6898888461843278d6932701a0c0635474444442385a193c62459b399929acac0494444344a244de8e4fd152912f2b64866b3d91738d9a44e4444347a24cd7d3a3d1e0f6cdddd70b95cea1922ff6fa9cba02903a6fcc344cf9a4d2222a2512969422711111111252ff6e924222222a2b81b564de71b6fbe8dd76baa71f4f051bcffde47686a3e0b17bc983c690ee65e9b8f9b6eba168b972cc4a2c2056a8da163f33a110d15bb6110118dbc2185ceedbfdd867fabf819de3f582ffe217740eb30c16acc82dddd0a376cf07a4dd0b875d0693ac5438b99b3f3f040e9fdf8faffbd5f6d217a5d9d9d0c9c4414133280ca9f45e5af541111254e54a1b3bef1143e3c7d00653f780a17eadbe082011eb703ddcd3ae464e6a1b3b31176cf25df3fe8d06ae076354363f7c0ee75409366c5fcdb16e247ffbc1ef97367a92d46aeadb5554d1111c586acf994bf56c53b1d1011c55fc47d3a0f341cc473efbc80ffacfa15162e5d0cbbc60587c32182a51ba9a96922636a60d40366b145afdb83ae2e37da6c3a3890058365160c8639a83bd285fb1ef9217ef7a737d5568988468edbed466747079c4ea77a868888e225a29aced7dfff5f3cb9ed29383d76645ab2d070e402ce1f6982d9a3c78409297074e9a175ea302b2f13b57bdf444bbb1e4edd64b8cd46e8f429d069ad48494985d723fe717735a0dbde80177ff10c962e5ea24a181c6b3a89289ef8eb554444f135684d67ddb163b8efe16fe1f4b1cb98609d06778711f6662fcc5e13ae9d64c53ffeddd7f0f9457360709dc0f23b67e181af2ec2a7d28c308ae5267d0ebc462b34260f5cf6f3e8ba7c1cdd17cfc3dba5c55faf7e14fb0f1d55a510118daceeae2e5fcd271111c5c7a0a1f32795bfc0b44fcd80d66646d3a9cb387ffc3c5ccd1df0345fc683ffe78bb0dacf01adf5285db514a73e7c03face735852703d528d1a683d2e113c6d7039cea0a5a50e0e5b13ccfa14645aaf15cf5f837f7ee205550a11d1c89377c82022a2f8183074fee60f7fc49eb73f4067b30d468f1eade7ce41ef6c43dbf93adc767d0ee6e41871e6e37751ba7225beba6c0596df7e07da4e7f8274ad0d29860e580cadf0b69e84edd259789c80212507b04e82536786dbabc19b6fbc8367b7fe5695464434b2644da7c36e57734444144b0386cedd6fff0e5e4f2b5a2f9dc39993c771ecc0311c3f700aa9ba547c7ace1c186d1dc84d4d45b625138d874f638a08959fbf6d01bced976140335a2e1f82abfd0c527416a45b67c1609a011833e1d27541abbf0c5be727f87fcffca72a8d8868e4c901924444147b6143a7dd760ec73e7a1fed97bb61eb6a85c96043c6847418add9b0184cf0b4d6635fcddb9835e3465c6869c6f1d387d176e9225c17db60e86881b3f50c162cb819cffeea39a46667432382a7c6a983aecb06abcb067bfb7968f436ec3f76186fbcf5812a95886864c91fa27071343b1151cc850d9d17ce7f8cdb0a3e8d94943464a465e35339d3e0b4e960d265e19a69d7e1833f1fc07b6fef8759978aa97366e2e6c59f43ee2df9b8e6730b3169c65fe0f682cf61cb931578fc9f9e81bb5b0b97ab092ecd29b4779f405bdb05789d4664a7e621d33a15afbff1be2a35fe1a5f2a41c6fddbd0a8e687ae11dbeecf44f95e357b855a9467865feedb8fcdb56a6ee48db6fd894c729de3e11bf87893d6def2187d2663873f444144147b61436746a6171326a6c32bffeaeff6a0ed82031a875984ce34345fe8c4c56627de6fb884c3a7cfe0e4be0f6172397164ff211c3ed58843679bf0dd9ffc084f3cb109973fb90cafad135a5d0b5a3a4f00463bd2274c82c53801d7cd9a07bd1778ebadd755a9f197bb722b5a9f5b855c351f3f0558dbd282b5f3d52cc5c1783bc7a3f3786b3767a2e4a5d11419878fa3d88988622f6ce8f47a1d686a6a4477673b0c1a3dba5bbb9166b56262660a1efbce23b8f5b3b7a1d9908adfbfb61bf6d666349d388686939fa0f1723bfe7e53192affa302affe6907e6ce36c362684757670b8cc62c5c7df58d703a0c983c391729296e5cba7008274f7eac4a25221a79b2899d8888622b6ce86c6febc4d12347919d958a9cac74cccc9b2c02e4144ccc055eddfd123eb7b8004ffdf429fccdb7d762c6f5d721ebaa5ce4cc9e8e255fbb1b7f7efb756cffe58bc8cb348a80fa157cebdb2548316642af9984d6160f1c4e3b0e1d7d0fbb5fdb0e93d1858ed6788c16f5374566a8474f4d4cafa63cf99a126cdbbb0d253daf2d17cf06f99a6843b67365d3a6bf99fdcae58335bf8752db086962ec5bee8035490da1fb1f5a66ef7310791366dffd09bf9d4013b6aced0a2cefff5c2bf2b9c039f64df7b35e3f7a9f8fc07b34d473acdef706b5480ad9d7fe6aee7cc7a79aea07bf2682c2bf56edc34bea1cf47403083dd7816b33fcf1f67f5ec2083ddfe2586bd57be7e3bb86fab9f643ba2784bec7fe73e5df9fa232a0aa748e783ee49cf6796f43b733187f3921fb12edb67abdbecffb1ca1287e1d98888822147e2051a7068b162e44f197eec0e285b7e0f37f5980fc9ba6e2d3f3af46bbad1e2fbcf00ccacb7e88177ffe5f78ebcdff85c76c41de0db3614ed1e2f0d13ac0d58534a316d6742d162cfc0c747a33e0069a2f35a0b3ab41fca3de0ab3c580d4942c783c29aad4d8a9ddbc14fb2a0f8b90db221e87b1264f2db8c24e943e0d94abd755aed884a29e2fb546d49c28c611dfb2161ca95c8e8d4ff70e511b8bd60265fee5ad755bb0af28da2f39f9c53d07a5735fe969f6975ff6b34bf351adca6d6d7905f9e24bbdff7023d65fb71af9d5c1d716aa25d85b03b1919ee737ec588dad8306b42bf767d0ed942d45cd1d6a79f57a1140d6facfc1fc42f1da2ad4849c8fdadd9b505c598202dfb4dc6ce87a5bfb0f4d2210ad0d3d1fd53d4718a17e8e69000577887dd95513f23ed7a2a66c392aef937b3df8351134d86bc5b577a2d07f4c8fface88089c4b43ce7539f0f46a54f95f7c05df75b22b74fbfb42aedd3e64102b0a39df22285694ee540b2320d62f12d7774f590fca0f542e563dd782ea7510efa9fcac6dc5aa29fed76614ed43659d2a4b7eaeea960efc87932203a7bf9cb5be6b24ea6df53dceea7c94ae0bf7fe10115122850d9d87f69f40dbe50b306a6dc8ced4c2e36c864edb8e0307ff0c9dd18b5b3ffb591c6b6cc0f6ff79153f78f2673875ea122c22406a3d1ee4cf9b8b6e9d011366ce852e651a5aba75f0c00b9bed223cee8b3068bbc5b6bc703875e8e8d221237b822a35b6aa4ed4aba95c14cc0f17354498280b0411f125fae07aa0ae5e7d4989f9478321257741318a77d423b0556943b5faa295a6acc29a753b51b527f2afb8dacd2a0cf942872482caae9d62bbea4bd7a7002532b0ec0e5fc3b3af3e506681385635397f6d48ffbf02148a70107c5dffaedc1f61b0edac7b25b87c7e8908ee3b517f56cec8fd064a9f0fecb73fbc152ff09fd18247438e510654ec437dd8c01eb26cbe38463519897e8f6920f2181012ac45e8deb8a21885bef779f06b2268b0d70682ace22b670b4a7aceb558bf6c0b8ad55c6fea3a793064fb2bd76043594dbfc13d34ecfb886bb55c5c535109d9f75cf11e04caedcb5f5679f073218f437cae7a07f92bd58b10ed0b9c217f1844bbad2b8ed3f75ef6fec38788884646d8d099376d36522d7acc983e09b7ce9b83ec2c2b3efce01d142eba1ddffcdb4730ef96db919a938b768d09f56d4e54efd92f02a5016e9713b7ccbf054611240f9eefc2aafbd6e1ee95a5225cb6c1e36a857805f45ea308a769a2142b34463366ccbac65fe800341a8d9a8a4cc1a32da8c6527f135bdf26de68c89a934053dddcf0b54e017933a2f8222f5beaff92ed1586c417fb8ee5c89baa6695dcbcfc90301c4a7c093f7718c5bb64f3a6d8c75e355dfee6cfc0fecb66d001f5bb3f5294db09e10b5a81202443d5ba35c100d1ab5bc0526c544f5f4104a4ad75c5a89aeb7f6d64cde94ad8631a482e0a970543be0c32a1e12eaa6b228ad736d6ef03e6e605cb1990bc4e644dbbdab6ef21cf617fc1bd11f575407e5e645bee97f8c3a3b51a28f29533506d7e98b2a6e60d10ce851dab51246bb37bd54447bb2dffebfd4dfd817322fee0d811f8232872d1fe7b434444830b1b3aaf9a3e075ffce25db8eaaaa9d8fe9b9751f9f3ad382842cf87ef1fc194bceb45b8ba116bbeb9067697169dba14d49e6cc025b139a7d188ac8913f1ad87d6e0c3773f46c3b93638ddb263be5d845833f41a0b74c81001d5029747142ffe5770eb3c556a785a6dd85d0d4b064f5f53e0b22acc1e4af09481e1e9bc9e2645d97cde7fad5350fd89289a2cd7bd826a11447aef5b1ef27a6a0afb081b4864f0f4efa32f68fb82a7bf49b9fe41b5ef72d93affabc3ea777f86b09d50530a51bc62136a4450f485b73b54f89381736e3dd6a86dfa9aedfd4bfa2783a77a9d483e9107cf7e8f6970c1b02c6b67d7a33050fb18cd353184ebe78a3f2cced68709aaf23a591ed2ec1c7884d4bcf7d1b7963baa6b5592c1d3771cf20f8070c133177973c3d4a8af10fbac26afb0620baa65f7805efd4aa3dd96fff51b7aba27041fd18ef81fcabf37444434b0b0ffb27a4cd9d8febb37f1d0b71fc7aedd07d1d491219ecdc3ac690ba1d7652263c6d5387ab91193a64d8157de48b9d3016d97163aa7116e9b1d5f2afa0cbe7e6f112a9e5a8f7f78f801ccbb7e163c4e1b3c1a176c70c02df3a6c600a378dcb9f8167fa103d0e9746a2a1222286d0e860c5f2de110f4ad796adc53754500e8d5474f848c221150d6acec3f1af6c75723db2b14a95ab6a2d02fdf5a94178504b65ec4b290dacd604d6bdf1a53199ed4e400aedc9fa16d27c8df1cbaf1e9125488d0d5d3742cc354687090b5a06af20ae2bc0643a60c5b6a3242571e93dc46683708fff9edc5d75562132aeeafc0be90e6da48ae8980685e2bf99bdf43fbcb8aebf8e93efbd5435e2788b0bfa2ff9aead5675684fe8ad0f7714a1ef2e1ffe3c0c7d78f36184a1b5f2a0f864cdf6bc3f3f5890df4ebf511c7b16e35b0acb0e75cf4276fe5567fbfd490e019edb6e4eb7b7f768626ba7f6f8888281261436756d664d41d72a3b923055e531a1c3a0fda1cedf8e5b65fa1eef82994943e84efffcb4f71fcf87918cd161c3a76001d8e66b875765c6ebb086baa197f7ddfbd2250de866f7ee35e7ce1ce45b0980df07a5cd0c003ad5e0368bc983e7d0a1615dea64a0d4fafd7aba948e48a58214246a0894d0e2c886000495ffe3e72aa895e3cd69ec8bfa2a66a83f8e25fdb538e1cf010da173332058f1ef6f5219cad9a2de5bd44fd5fbe6abb6a7049ffb5352240d505f7d137b0c4d794acfa53aa26e98ccc1a20c21acadefb33f4edf4f00d281201263428a87e933defd16e712ed5a22b4ccdc3be9e66e439a85a7638ea9aabdec7248270d91671508166d81a1456af57af0cf2059e1de8e9832a45724d0444f35a1f599b2bf623d864be1678307ceda8bc4e7c615a6ddff7083390c8f75a11a27bae29f11eaee9d5a7b3006b43cbeeb33c57fc7510bc06e4f518ac512db82f702e55eda7af293e3fe4f5fef76c6b047f8c85eea7ef0f8d68b7255edffbb3231e51d6724bd1fd7b43444491d07807b837c88bbf790d0f7fe749b4b436c264d6c0dddd8a8993b2d1deda0c97dd0513cc484bb5e2c61b66e2c0817750b9e587983523174d0de73079e2d570746bd0d2d98e8cec5c6c7bf90f78eae967d16ef342a3b38a928d22806af0a327d7a1f4817b548903eb686fe7fdf392921c955d21c271f8a6df5129d03c3e843f5862268efb20478a57cc882c0c8e27b2693d354df6392722a2581ab0e3d23d5f598279f97f01a37112b4de1ca4a4ce16ff20e7c2eeb088f0a7c784741dfeb8ebbff1937ffd3e1e7ef80158ac26f1bc171ea70bcece0e689c1d4835b8e1e8b88434b31e6e974d14e885d7eb81dbedc4fcf937461c3825a3d1a8a62899c8db57f51a409414549786d0014409e7df87e2419aa587c4d715247827010ae2bf334444f131686ff927bfff10ac0633528de9306aace86c950382d291916ac58fca1ec1e46c27aeca3563c982cf6052da44e8ec0698bc465c3edf008bc1051d1ce2e186c918e823a5f1d556cac1a19b1fffae7a2e324693897dad9289aca5cb54f75d8c6af4f8c8923580b20959dee735da66fce19135c221cdc26a1f625213a9de8b9e87af2b4892d53c2780fcf745fe3b434444b13760f37a40d5aed7f1cdbffbbe088b2ed86c9d70b91c987e75167ef9b34730293b1519e959b878be0506ad0546ad0ee71b4ea3e6f5dfe3cb5ff9129c1ea0ad1bf875d5ebf88f5f6c8743930a8fc688e72a7f82af7cf98baa84c8c9df44eeece850734444b193929aca3f6c8988e264d09a4ea978d962fc7bc57744e03c27626a374c6603ce345cc0d3cffc120de72fa3bbab131a8f0d5ab748976e17b45a035e7bf31d34b574406734a3e9e265bcf8eb9761778a027526fca2f2a921054e497e2158ac56354744141bf2df15064e22a2f88928744a2bfeea2ed4ecfe1d16debe084e8f0146cb246cdfb91f9b7ffc2b11402fc1e5ee84dbdd0a9bb3053a114addc654fcfe8d77e1d59a70aea9196d9d762c2c5c8c3f556fc7dd5ffe82daead0180c06064f228a19f9ef89fc77858888e227a2e6f5be7efedc6fb1e5b91d387eb81e6edb195c95e3c28f1f7f0457e7a6c1a833c0e9b2e067cf6f47d5ffd4e0a16f7c0dd5affd1977dffb00befe8dafab2dc4866c6ab77577fbfe4b44142d59b369b65858c349449400430a9d016fbcf92eaa5f7d13efbcf336ce9d3d8b4f5f978507bf7627723227e14f1f9dc491f31e2c2d5a82254b0ad51af1e1b0dbe17038783b25228a88bc2d921ca5ce414344448933acd039dab89c4eb85c2e5fcda70ca063e8d0886818e46fa9cba0296b34e58ddff56c4a27224ab831153a8988888868748a78201111111111d15031741211111151dc31741211111151dc31741211111151dc31741211111151dc31741211111151dc31741211111151dc31741211111151dc31741211111151dc31741211111151dc31741211111151dc31741211111151dc31741211111151dc31741211111151dc31741211111151dc31741211111151dc69bc829a262222228a89b7dadd78a3cd8d0f3a3d3865f7a2d9e585472da3f892358a597a0da69b34b839458b45e93a2c4cd3f9178e20864e2222228a99e72fbaf0dc05178edb183147936bcd5adc3f498ffb26ead53389c7d049444444c3f67197073f38e3c07b9d0c9ba3d9ad295a7cef2a236eb426be872543271111110dcbae66371e3e6567f379929071f3a9e9262ccb4a6c933b43271111110d990c9c6b44e0a4e45391e0e0c9d04944444443229bd4571cb6b1863349c91acf1d73cc096b6a4f7c833e1111118d09b20f270367f292ef9d7c0f1385a193888888a22647a973d050f293efa17c2f1381a193888888a2266f8b446343a2de4b864e2222228a8abcf13befc33976c8f752bea7f1c6d0494444445191bf343424d3cc3879b335f8b8cea81618512de6aba7a9d941ac9e650959777479e2bad0e30ac780176e8afc78a322cff14d26ac56b3911af27b1a05864e2222228a8afc69cb68f98262a617651f74e11af578d1a551e1c88122315f74da3793d41e3b288eed60e206e7c4ca50ded36831741211115154e46fa947eb5abd066ddd1e6c51f3d26347edbde669e40ce53d8d16432711111145a5d9157d40392ed649b768c334fbf66e6e0e349ffb9aaa5553fcbe5906ffc22bf8d70d34290fbeae7abd5a563d4d36ed5bf0428e5adcc795db33e389c0f3fd6c3ff0faa0dee5f56efaf6772bf02febb30f7dba22f43dfed0f203fb341c43794fa3c5d04944444451194a43ec96a3dd78d1a9c3ba7e0254bfcc7adcdaa99ae22f79909eaaef2718ca4067c002a70bd77c14526b1a765dffeb6fe876f634f1bf97a2c74cdf4a0308d9de8b362dee11c7f01044993ddbd785097d5796f762b75a24ccccd6e2bdc0f3360d167c2a18489f48015e54cbfa962103e73a8ba7a7ab42598706f70cda8f7460891816c6d04944444451196a78f0f577fcc089fd1603aea8d9ebcbe60af6f13cedc61eb706396635af3c719d0a9c7dfb50865b37478b1b741efce1a8d3bf4c78eca00bc7d4745821db7bccd7f731641ba73d627d0daeeeef58a6e9b0006efc5b6879215d0a8e5db2e13135fdd82537da741a5c1b983f185cd6bb0c03165b3438d612dcce96a36e1c336b8755db998840c8d04944444451c9d26bd4d4503871ef47b2f6ce8b055387d12c6cd6e31e831b65d10cda316b90eef6e2b89a1d129b176d116e63b5499c27a77768fd56734cd8d7d37c1e5a1b2b02b44ed692069605968709be111ade7b1a19864e2222228aca7419a6866ba01ac248d85cfee6fa686f0f14529be89323429c9a8cb52d72708e2130423f0a32704ed5e00f81e6f50f426b63bd6812a177cfd9c0b2c0a31bf736a9970c414cded341307412111151546e4e893e3e3c715d9f5acd695acc1401ea93610425d95c1f55f0f4055d2dee0ae953fa44b60ee96a3ae664793a1d1e0a2d6f5604fbdab746d677ae029c78bd1bbdfa7fc6c250ded3683174121111515416a5ebd454e48ebb34be01383d4dc2d972a04c48bfc5217aeca0137b2007280dd247d4c781a2b36e2055f629f5efc7ad9d11f4e91c3279ff51179a42cabb471f4173bbec87ea3b2675ae52d06b1f43076505b63bf80de9073694f7345a1aafa0a6898888882272e741dbd8f829cc9ea6ece107e06475ad598b57afeb334a2b0e58d34944444451bb7f925e4d2533035ef8940ee9223c8fd7c02925eabd644d271111110dc9ca2336bc97809f4f8c1d755fcfd096645b3fb75c1a476e4dd1e2a5d9f1afe594183a89888868483eeef260c5615b426e2c4eb1279bbb77cc31e3466b621abed9bc4e4444444322c3ca53d34d6a8e928d7cef12153825864e2222221ab265593a5488f0c240913ce47b25df33f9de25129bd789888868d86453fb0fce3892ac8fe7f823fb707eef2a63426b3803183a89888828669ebfe8c273175c63e3764a6388bc2d921ca57edfc491bbeb004327111111c5dc5bed6ebcd1e6c6079d1e9cb27bd1ecf272c05182c83a4cf95beaf2a72de52f0dc91bbf2f4c4b6c537a7f183a8988888828eed8ef9788888888e28ea19388888888e28ea19388888888e28ea19388888888e28ea19388888888e28ea19388888888e28ea19388888888e28ea19388888888e28ea19388888888e28ea19388888888e28ea19388888888e28ea19388888888e28ea19388888888e28ea19388888888e28ea19388888888e28ea19388888888e28ea19388888888e24ee315d474d4de78f36dbc5e538da3878fe2fdf73e4253f359b8e0c5e4497330f7da7cdc74d3b558bc642116152e506bc497cbe5f23ddce2e1f178308c43a3714aa3d140abd542a7d743af1e444444347c430a9ddb7fbb0dff56f133bc7fb05e7c413ba07598603566c1ee6e851b3611f64cd0b875d0693ac5438b99b3f3f040e9fdf8faffbd5f6d21b61c0e071c76bb2f6812c5920ca046930946a3513d43444444431155e8ac6f3c850f4f1f40d90f9ec285fa36b86080c7ed4077b30e399979e8ec6c84dd73c9f7450dad066e573334760fec5e07346956ccbf6d217ef4cfeb913f7796dae2f0b8dd22e27677fbfe4b144f3a9d0e668bc5f75f2222228a5ec4a1f340c341bcf4ee6fb06fef415c33692efebbf23770db7562036e18bdd9483564c36e3b0fa7eb12ec2203763b210268272c9a54e8cde9d05852614c4d41d6c4143cf19d6fe04b7f79bbdaf2d0389d4e747775a939a2c4b058ad30180c6a8e888888221551e87cfdfdffc593db9e82d36347a6250b0d472ee0fc9126983d7a4c98900247971e5aa70eb3f23251bbf74db4b4ebe1d44d86db6c844e9f029dd68a949454783d1d229436a0dbde80177ff10c962e5ea24a880e03278d24064f2222a2e80d3a7abdeed831dcf7f0b770fad8654cb04e83bbc3087bb31766af09d74eb2e21fffee6bf8fca23930b84e60f99db3f0c05717e153694618c572933e075ea3151a93072efb79745d3e8eee8be7e1edd2e2af573f8afd878eaa5222279bd219386924c9eb8f5d3a888888a23368e8fc49e52f30ed5333a0b599d174ea32ce1f3f0f5773073ccd97f1e0fff922acf673406b3d4a572dc5a90fdf80bef31c96145c8f54a3065a8f4b044f1b5c8e336869a983c3d604b33e0599d66bc5f3d7e09f9f7841951239d9879368a4f13a2422228ace80a1f3377ff823f6bcfd013a9b6d307af4683d770e7a671bdaced7e1b6eb733027c788331fbf8bd2952bf1d5652bb0fcf63bd076fa13a46b6d483174c0626885b7f5246c97cec2e3040c29398075129c3a33dc5e0dde7ce31d3cbbf5b7aab4c1c951eaac61a2d1405e87f27a242222a2c80c183a77bffd3b783dad68bd740e674e1ec7b103c770fcc029a4ea52f1e9397360b47520373515d9964c341e3e8d2922547efeb605f0b65f8601cd68b97c08aef63348d159906e9d0583690660cc844bd705adfe326c9d9fe0ff3df39faab4c1c9db22118d16bc1e89888822173674da6de770eca3f7d17eb91bb6ae56980c36644c4887d19a0d8bc1044f6b3df6d5bc8d59336ec48596661c3f7d186d972ec275b10d868e16385bcf60c1829bf1ecaf9e436a76363422786a9c3ae8ba6cb0ba6cb0b79f87466fc3fe6387f1c65b1fa852c393377de77d38693491d7a3bc2e89888868706143e785f31fe3b6824f2325250d1969d9f854ce34386d3a987459b866da75f8e0cf07f0dedbfb61d6a562ea9c99b879f1e7907b4b3eaef9dc424c9af117b8bde073d8f264051effa767e0eed68a2fe726b834a7d0de7d026d6d17e0751a919d9a874ceb54bcfec6fbaad4f0a2fe72df5b8e8cfbb7a151cd4665a4d6452dca334bb0ad41cd46259eeb8ed6fd1ac870d68d1c432711115164c286ce8c4c2f264c4c8757d6e6747bd076c1018dc32c42671a9a2f74e262b313ef375cc2e1d3677072df8730b99c38b2ff100e9f6ac4a1b34df8ee4f7e84279ed884cb9f5c86d7d609adae052d9d2700a31de91326c1629c80eb66cd83de0bbcf5d6ebaad4f0e44f5b128d36bc2e898888221336747abd0e343535a2bbb31d068d1eddaddd48b35a313133058f7de711dcfad9dbd06c48c5ef5fdb0d7b6b339a4e1c43c3c94fd078b91d7fbfa90c95ff518157ffb40373679b6131b4a3abb305466316aebefa46381d064c9e9c8b9414372e5d388493273f56a586c7a6751a8d785d12111145266ce86c6febc4d12347919d958a9cac74cccc9b2c02e4144ccc055eddfd123eb7b8004ffdf429fccdb7d762c6f5d721ebaa5ce4cc9e8e255fbb1b7f7efb756cffe58bc8cb348a80fa157cebdb2548316642af9984d6160f1c4e3b0e1d7d0fbb5fdb0e93d1858ed6c1076444f16b9dbdd4bf54828ccc4cff6373ad7a566ac4b6fbd5f3be473942974a23b52ece6e4349bfcb476a5d6514ee5763e879168ff2bd6a41c070d68dc050af4b2222a2f126fc40a24e0d162d5c88e22fdd81c50b6fc1e7ffb200f9374dc5a7e75f8d765b3d5e78e1199497fd102ffefcbff0d69bff0b8fd982bc1b66c39ca2c5e1a37580ab0b69462dace95a2c58f819e8f466c00d345f6a40675783f8b26e85d962406a4a163c9e14556a8ced588d0a948ba0db82d6ba2d282e5b1a0c160d35a85f76d8bface5302a576c42c54b213d31476a5dec44e9d34079c8f2a240681da9757d46e37e35a2e644318ef896b5e048e5726c7c3ab43fed70d6252222a2580a1b3a0fed3f81b6cb1760d4da909da985c7d90c9db61d070efe193aa317b77ef6b338d6d880edfff32a7ef0e4cf70ead425584480d47a3cc89f3717dd3a0326cc9c0b5dca34b474ebe0811736db4578dc1761d0768b6d79e170ead0d1a54346f604556a8cadd882f295b9fee929abb0661db0af5ec50a31bf36b00cb9285cb61c5527ead5bc3052eb62392acb568925522e563db81ea8abf787a1915ad76734ee97987f34b04ccc2d2846f18e7a04d71eceba444444144b614367deb4d948b5e83163fa24dc3a6f0eb2b3acf8f0837750b8e8767cf36f1fc1bc5b6e476a4e2eda3526d4b73951bd67bf089406b85d4edc32ff161845903c78be0babee5b87bb57968a70d9068fab15e215d07b8d229ca68952acd018cd9831eb1a7fa103d068346a2a766a37079b566797ee54cf4666bcad3b9811db2f79b700b56ec6dcd5a8524f476438eb2af1b82e898888c6a2b0a1f3aae973f0c52fde85abae9a8aedbf7919953fdf8a8375f5f8f0fd239892773df266dc8835df5c03bb4b8b4e5d0a6a4f36e092d89cd36844d6c489f8d6436bf0e1bb1fa3e15c1b9c6e39e0c22e42ac197a8d053a6488806a81cb238a17ff2bb8759e2a353cad36ecae0e890c3a153302cdbafee6d5488db775073362fb2543e3d3793d4de4beae0c6ad1a086b36e88585f974444446355d86f4c8f291bdb7ff7261efaf6e3d8b5fb209a3a32c4b37998356d21f4ba4c64ccb81a472f3762d2b429f03a9d40a703da2e2d744e23dc363bbe54f4197cfdde22543cb51efff0f0039877fd2c789c3678342ed8e0805be64d8d0146f1b873f12dfe4207a0d3ebd5542c34a2be0ec8cf0b34ae36a26657a4356ce36dddc18cdc7e35d6ef03e6e6f5349137eea98ab8b67238eb868aed754944443476850d9d5959935177c88de68e14784d6970e83c6873b4e397db7e85bae3a75052fa10beff2f3fc5f1e3e761345b70e8d80174389ae1d6d971b9ed22aca966fcf57df78a40791bbef98d7bf1853b17c16236c0eb7141030fb47a0da0f162faf4295854789b2a353c7d4cbfdcfdfdfb3616a9a6d5ccb5a89f1b690ddb785b773023b75fb92bd76043d952b56e26d69ec88fb8b67238eb868aed75494444347669bc03dcf3e5c5dfbc8687bff3245a5a1b61326be0ee6ec5c449d9686f6d86cbee820966a4a55a71e30d3371e0c03ba8dcf243cc9a918ba68673983cf16a38ba3568e96c4746762eb6bdfc073cf5f4b368b779a1d15945c946114035f8d193eb50fac03daac48175b4b7f3be88346ac8a6f5d434d9379988888806336087b47bbeb204f3f2ff0246e32468bd3948499d2dbe687361775844f8d36342ba0e7fdcf5dff8c9bf7e1f0f3ffc002c569378de0b8fd30567670734ce0ea41adc70745c429a590fb7cb260af4c2ebf5c0ed7662fefc1b230e9c92d164525344238fd723111151e4061d05f1e4f71f82d56046aa311d468d159dad7240503a3252adf851d923989cedc455b9662c59f0194c4a9b089ddd0093d788cbe71b6031b8a083433cdc3019756a8b1a5f6da51cf4bbf9f1efaae72263341aa1d305b6433472e47528af472222228acca0a133ff865978a6e21fe0765e80d3d1047bf74574b4b52033231d79d3b2d0def6099cdd17906a00cc1ef145ec115fc44e1dde7eeb2d385d365fffcdaece0e9c38714aacef81dbab8357c4d0679ff957cccbbf5e951239b3c5a2a688460eaf432222a2e80c1a3aa5e2658bf1ef15df81cd760ed074c36436e04cc3053cfdcc2fd170fe32babb3aa1f1d8a07577036e17b45a035e7bf31d34b574406734a3e9e265bcf8eb9761778a027526fca2f2297ce5cb5f545b8f8eac61b258ad6a8e28f1e4f5c71a772222a2e844143aa5157f75176a76ff0e0b6f5f04a7c700a36512b6efdc8fcd3ffe9508a097e07277c2ed6e85cdd9029d08a56e632a7effc6bbf06a4d38d7d48cb64e3b16162ec69faab7e3ee2f7f416d75680c060383278d0879ddc9eb8f888888a233e0e8f5707efedc6fb1e5b91d387eb81e6edb195c95e3c28f1f7f0457e7a6c1a833c0e9b2e067cf6f47d5ffd4e0a16f7c0dd5affd1977dffb00befe8dafab2dc486dbed86adbbdbf75fa27892359bb2499d359c4444444333a4d019f0c69befa2fad537f1ce3b6fe3dcd9b3f8f4755978f06b7722277312fef4d1491c39efc1d2a22558b2a450ad111f0e87030ebb9db753a29893b74592a3d43968888888687886153a471b97cbe57bb8c54306d03174689420f2b7d465d094bf34246ffcce9bbf131111c5c6980a9d44444444343a453c90888888888868a8183a8988888828ee183a8988888828ee183a8988888828ee183a8988888828ee183a8988888828ee183a8988888828ee183a8988888828ee183a8988888828ee183a8988888828ee183a8988888828ee183a8988888828ee183a8988888828ee183a8988888828ee183a8988888828ee183a8988888828ee345e414d1311118d1a6fb5bbf1469b1b1f747a70caee45b3cb0b8f5a4644e1c91ac52cbd06d34d1adc9ca2c5a2741d16a6e9fc0b4710432711118d2acf5f74e1b90b2e1cb7316212c5cab5662dee9fa4c77d13f5ea99c463e82422a251e1e32e0f7e70c681f73a193689e2e5d6142dbe779511375a13dfc392a193888846dcae66371e3e6567f3395102c8b8f9d47413966525b6c99da193888846940c9c6b44e024a2c4aa4870f064e82422a211239bd4571cb6b186936804c81acf1d73cc096b6a4f7c833e11119122fb703270128d0cf9d9939fc14461e82422a2112147a973d010d1c8929f41f9594c04864e22221a11f2b6484434f212f55964e82422a28493377ee77d38894607f959949fc97863e82422a28493bf34141d035eb8c98aea696a36c413d759b16f9641cd0d24fc3606978ceb8eb464def764129bf31cfd67327a0c9d44449470f2a72d697c5b3dcb8293d719d51c858afc0fa9d849c46792a1938888124efe963a118d1e89f84cf23e9d44449470d77ed015e5ad926413a201392d5d283aad9e5264add05d2e27f28f3a7df3b2066d5daac6372d1dbb145827b00d1790adc74cdf522ff69cedc6bd4dbe9961ad8b69669ccc0ed6e5b47504f669a4d6ed6b38c7df7799072f7e60c3637272d07d57dbc83161df541d2096ff416fc03d66dfcb7d02e5842fdf88ea9b7568bae4c10dd93aa4fb9686ecc315e4eb03c7a8f6a9552bcad7e00fa1ebf8f6498bfdbe73d07b1db8dd28fbc88e2d6ab6b7015e2bcf47a617652d1aac0b9c972bb6d567fd9e63f19fb3053df76b0f797f7a9de7d0f72dfc79eeff3ae89fdcf2f19badfe9938095e254444440932d486bc99d9569c145f8ca18fd0f022bf8017eb3d2813a1f61af128ebf06266a609abd55269a6f8e27e4f2d7fd1a6c1824f05960f675d117e532082837fd935221ca5a7eaf0845a268dd4ba7d0de9f845907928d5dbab9c8088ca5741a849844819841e3be8df3e6c2edf7afe6039d8f917fb9a09fc9b6fb9137bdc5adc13a679fe89ebf4c811a1cbb74fe2b57f903f78d5e4c17eb1cead217d1f576768916e73ab50272291d83fff3a2e1cd3e9f0d570fd24077bad985f97e251cbc579768af99e7df507cee0fec963d5e09e9be4b13a71ef47f27df107e56b3e080d9ca1e7d9dbeb1ae8d1e73c4723111d5e183a898828e186fae5236bbe025fd48187fc820e125fda0783354a5b5a3d68d36970ad9a978e5d92354a7e8f5d72872c1fceba62fe6070194e7b704c84a4ab73d4bc3052ebf635f4e30fd9ee6947701b83962f42960a42fe7019ce60e57bb1e77c60b9786d8b884906cd95c14b49d7076a4c45c83d2d03987f9d60901521d7a2c1b14e7573f4d3b690fd73e03d715de598c2f4ab1cecb5b266f360f0a6ebbef36cd6fac3b808ac33c5f27f0b09855b8eba4570d5627198f7ed8914ad08a1ee90f3ecc61ef129eafdfa48cf73ff121108193a898828e1b27a02411cc85aa1404da8f812f637c5466838ebca5aa6c0babd9a4e233052ebf615eef89becc83febc10d53fdcb7a8d941ea4fc99d9fe5abd8882d070ce7f085993fa22f4feedf86a1015198a03e12e478b1be0c6af7bf64b3653078ea36f0d7a5fd1bc5668f242f560c06a93b8f69dde9e70ed2796bb35c8e9773b065c2df26c7aaaa1a7bc9337cb26f8deaf8fea3cf723ae9f4985a1938888126ebafce28d07195a647fba404de85937dad4a2410d675d5fb3a6ec2fa8d6954dae6ad1a0466addbe063b7e193c5519c856c13382f28f5d72a14904a64147630fe7fcf743064fb99db26e2dd6f5044f592ba9c10d19065fd33aba3d2afc05fb45fa8fa36f0d7aa8685eabe48880a826b7c8013bfdd6d08ae0d9ef769cf8c429cf63b0bcc0233460467c9ec388db6732044327111125dccd29f1f9fae95b8be4ebb3a7a607339c7561d620ddedc57135eb6b425593831aa975fb18f0f845200cd66eca5a39351951f90e1489303a58201ad6f9ef4584c2eb82b59bbe9017423675c3a2f7f551fd434f13b70885bad0d067c4ad616b2f23786daf3e9e627f3e2507f6a8e6715f6dab0e0f859c8bd5b3f458000f5e0f5487f6f158a70733b3cd03f6d58df43c8713afcf6428864e22224ab845e93dc37363cad737ceac9a55c5e321bd37e2dab2e1acebef63a7c33ab5eec914445ee33852ebf631e0f1dbbcc8e919c465c00dddaa1937e2f245203a2bc29e6c2256b58ea1e5c9403bacf3df8b139f84ee931c80133a725c0e2812c131dde609f69114fbf7eb0e6081ea3e70f266118fc2d65e46f05ab71b4d2981e5062c70ba4206f604c3a17fb915eb2c9e5ea3db7dc1d8b7dc82176415e9699b7fb0917abdef11da6da0c795e73952f1fa4c86e22d9388886844dc79d0c69fc2a411106c1e1f6affc70105ba0984bdddd2e873ad598b57af1bac63eaf0b1a693888846c4fd93f46a8a2871fc4dd9a1038828519f45864e22221a11f74dd4e3d604f42323f251a3ecd7c9fb8d26512d64bcc9cfa0fc2c26029bd7898868c47cdce5c18ac3b684dc989a887a937ff2ed9863c68dd6c4fcf1c73f31898868c4c82fbba7a69bd41c112592fcec252a704a0c9d444434a29665e95021befcf885449418f2b3263f73f2b397486c5e2722a2514136b5ffe08c03ef75b2b19d285e641fceef5d654c680d6700432711118d2acf5f74e1b90b2ede4e892886e46d91e428f5440d1aea0f432711118d4a6fb5bbf1469b1b1f747a70caee45b3cbcb01474411907598f2b7d4e54f5bca5f1a92377e5f9896d8a6f4fe30741211111151dcb1df3611111111c51d432711111111c51d432711111111c51d432711111111c51d432711111111c51d432711111111c51d432711111111c51d432711111111c51d432711111111c51d432711111111c51d432711111111c51d432711111111c51d432711111111c51d432711111111c51d432711111111c51d432711111111c51d432711111111c59dc62ba8e9a8bdf1e6db78bda61a470f1fc5fbef7d84a6e6b370c18bc993e660eeb5f9b8e9a66bb178c9422c2a5ca0d6882f97cbe57bb8c5c3e3f1601887462340a3d140abd542a7d743af1e44444434360c29746effed36fc5bc5cff0fec17a11121cd03a4cb01ab36077b7c20d9b087b2668dc3ae8349de2a1c5ccd97978a0f47e7cfdffdeafb6105b0e87030ebbdd173469ec9001d46832c16834aa67888888285945153aeb1b4fe1c3d30750f683a770a1be0d2e18e0713bd0ddac434e661e3a3b1b61f75cf28505683570bb9aa1b17b60f73aa049b362fe6d0bf1a37f5e8ffcb9b3d41687c7ed1611b7bbdbf75f1abb743a1dcc168befbf444444949c220e9d071a0ee2a5777f837d7b0fe29a4973f1df95bf81dbae131b70c3e8cd46aa211b76db79385d97601719b0db0911403b61d1a4426f4e87c6920a636a0ab226a6e089ef7c035ffacbdbd59687c6e974a2bbab4bcdd17860b15a613018d41c11111125938842e7ebefff2f9edcf6149c1e3b322d5968387201e78f34c1ecd163c2841438baf4d03a7598959789dabd6fa2a55d0fa76e32dc662374fa14e8b456a4a4a4c2ebe910a1b401ddf606bcf88b67b074f1125542741838c72f064f2222a2e434e8e8f5ba63c770dfc3dfc2e9639731c13a0dee0e23eccd5e98bd265c3bc98a7ffcbbafe1f38be6c0e03a81e577cec2035f5d844fa5196114cb4dfa1c788d56684c1eb8ece7d175f938ba2f9e87b74b8bbf5efd28f61f3aaa4a899c6c4a67e01cbfe47bcfee14444444c967d0d0f993ca5f60daa766406b33a3e9d4659c3f7e1eaee60e789a2fe3c1fff34558ede780d67a94ae5a8a531fbe017de7392c29b81ea9460db41e97089e36b81c67d0d2520787ad09667d0a32add78ae7afc13f3ff1822a2572b20f278d6fbc0688888892cf80a1f3377ff823f6bcfd013a9b6d307af4683d770e7a671bdaced7e1b6eb733027c788331fbf8bd2952bf1d5652bb0fcf63bd076fa13a46b6d483174c0626885b7f5246c97cec2e3040c29398075129c3a33dc5e0dde7ce31d3cbbf5b7aab4c1c951eaace522790dc86b8188888892c780a173f7dbbf83d7d38ad64be770e6e4711c3b700cc70f9c42aa2e159f9e3307465b07725353916dc944e3e1d3982242e5e76f5b006ffb6518d08c96cb87e06a3f83149d05e9d65930986600c64cb8745dd0ea2fc3d6f909fedf33ffa94a1b9cbc2d1291c46b81888828b9840d9d76db391cfbe87db45fee86adab1526830d1913d261b466c36230c1d35a8f7d356f63d68c1b71a1a519c74f1f46dba58b705d6c83a1a305ced63358b0e0663cfbabe7909a9d0d8d089e1aa70eba2e1bac2e1becede7a1d1dbb0ffd861bcf1d607aad4f0e44ddf791f4e0a90d782bc268888882839840d9d17ce7f8cdb0a3e8d94943464a465e35339d3e0b4e960d265e19a69d7e1833f1fc07b6fef8759978aa97366e2e6c59f43ee2df9b8e6730b3169c65fe0f682cf61cb931578fc9f9e81bb5b2b0242135c9a5368ef3e81b6b60bf03a8dc84ecd43a6752a5e7fe37d556a78f10e188d2f9520e3fe6d6854f361ed2d8fec7551ab45796609b635a8d95e1ab1edfe4c94ef55b33113afedf6a3611b4a32cbc551c60e4327111151f2081b3a3332bd9830311d5e59a3d4ed41db0507340eb3089d6968bed0898bcd4ebcdf7009874f9fc1c97d1fc2e472e2c8fe43387caa1187ce36e1bb3ff9119e7862132e7f72195e5b27b4ba16b4749e008c76a44f98048b7102ae9b350f7a2ff0d65bafab52c3933f6d194fb92bb7a2f5b955c855f334fac5fb9a202222a2d8091b3abd5e079a9a1ad1ddd90e83468feed66ea459ad98989982c7bef3086efdec6d6836a4e2f7afed86bdb5194d278ea1e1e42768bcdc8ebfdf5486caffa8c0ab7fda81b9b3cdb018dad1d5d902a3310b575f7d239c0e03264fce454a8a1b972e1cc2c9931fab52c363d33af5c56b8288882879840d9ded6d9d387ae428b2b3529193958e99799345809c8289b9c0abbb5fc2e71617e0a99f3e85bff9f65accb8fe3a645d958b9cd9d3b1e46b77e3cf6fbf8eedbf7c117999461150bf826f7dbb0429c64ce83593d0dae281c369c7a1a3ef61f76bdb6132bad0d13af8a090287eadd34f3583d7ca66f3cc4cf1504dd7f279dfbc786c0e69eceda7d9bc76b37a9defd1bb69b8be67bb7db6e36b260f59af6f537c68f9619bd3c3f1378707d6efdb2ceeeb22d0b3ed3e4dd9bee6ede0ba252ff53ad2907deeb34fbdf637b89e3c37bdb7a1ce57cfb9e87d1ecaf7a8a703c26c371a515f134444443462c20f24ead460d1c28528fed21d58bcf0167cfe2f0b907fd3547c7afed568b7d5e385179e4179d90ff1e2cfff0b6fbdf9bff0982dc8bb6136cc295a1c3e5a07b8ba9066d4c29aaec582859f814e6f06dc40f3a50674763588c0d00ab3c580d4942c783c29aad418dbb11a15281741b705472a81d2b922e0ec2ef4cdb7d66d41715945d8d0270354115ef1bfd6b77e9e5a22846cd7bf9da5c100b8b706a8f6afd3daf20a3688d76eed59268256915cac9657e7a3745de4fd433716ad05cad4baa2dc7d45c1802803e7ec5dc538a2b67da4721f8a02015006ceb95528ae53eb8afd2af62ff1d958548342b55ef5ba9dbdf6a97677e8feae4755e9565f982db8434cefaa09d9f75ad4942d47e57d05bee9f2cca521e7e130f276ad4695ff853ee1b64b4444446353d8d07968ff09b45dbe00a3d686ec4c2d3cce66e8b4ed3870f0cfd019bdb8f5b39fc5b1c6066cff9f57f183277f8653a72ec12202a4d6e341febcb9e8d6193061e65ce852a6a1a55b070fbcb0d92ec2e3be0883b65b6ccb0b8753878e2e1d32b227a852636cc51694aff4f7d2cc5d502c8256201409530a51bc6227eacffa677b1121ada26c3daa1f55af157257ae42cf5cc876316515d6ac03f6d5abf8357f2dd6cef74f8a6886c29065b5bb37a1b8b224b89df925a81451ac26c2dace0dd55bb16a8a9af195bb13557be4b61b51b36b27363c18ec939abb720d3694d5f8825cedf3ab81caf2e0ba620f5605f65fd850bdb6679f0aee13217a473dea03f38f0697617e2136601feae5fefaf63d3450d760e38a6214ca327cd35b50d2731e72b1aa4c6c57cd4961b74b4444446352d8d099376d36522d7acc983e09b7ce9b83ec2c2b3efce01d142eba1ddffcdb4730ef96db919a938b768d09f56d4e54efd92f02a5016e9713b7ccbf054611240f9eefc2aafbd6e1ee95a5225cb6c1e36a857805f45ea308a769a2142b34463366ccbac65fe800341a8d9a1aa22979c817ff97d713bc0670b61e552bf21052b71985de4de04565ea69f17c7d1d50553a27a459790e4a778409be11c89bb15c4d8990b843d65806cbcdc85c8a8dbe20e72f373f2f1832a3d2ab595e6e33201785cb9663e36e7ffda40cd481d0db58bf0f989b37f0a0acb0db8ddcb0af092222224a98b0a1f3aae973f0c52fde85abae9a8aedbf7919953fdf8a8375f5f8f0fd2322bf5d2f02cf8d58f3cd35b0bbb4e8d4a5a0f664032e89cd398d46644d9c886f3db4061fbefb311aceb5c1e996833eec22c49aa1d758a0438608a816b83ca278f1bf825be7a952c3d36ac3ee6aec4dcdeb55db17391938e7a0fec140b3b26cae568b4404cb9b2b6b1583cb028f60cd6874ea4fec54532220af588eca9ee6f3c043d68cfacbeda9898d86af59be1e6b7ab6f70a36a84592aff6d8579b2a9bd6d7a3501d476e5e3e20ae955e25ca20af2607db6ea4127a4d101111d1b084fdd6f698b2b1fd776fe2a16f3f8e5dbb0fa2a923433c9b8759d31642afcb44c68cab71f47223264d9b02afd309743aa0edd242e734c26db3e34b459fc1d7ef2d42c553ebf10f0f3f8079d7cf82c7698347e3820d0eb865ded41860148f3b17dfe22f74003abd5e4d2580afe97d53b04fa4d0f8d2b608fa1cca1ac7e5c89baa667d614c4d0ab21fe4c6a2a1dfab72e3d321fd3ff796a34804bd35be667259eb88b0fd437dfd2f4bd786f45fadc5b64806eef4adf195cde66ad2c7d7c4bf0915f757605f68b7015f680f697a9761fce94d6a5a186cbb114ae83541444444c312367466654d46dd21379a3b52e035a5c1a1f3a0cdd18e5f6efb15ea8e9f4249e943f8febffc14c78f9f87d16cc1a16307d0e168865b67c7e5b68bb0a69af1d7f7dd2b02e56df8e637eec517ee5c048bd900afc7050d3cd0ea3580c68be9d3a76051e16daad4f0f4090d18b958f5dc6154d62d55cdbf9998bd4b46eec114a0243060c9b75e0dd053d329cc5feb1fe0d3d3ac2c1e51dc687e8308966b03eb15ed13fb17ec1729ef335a3d773566876e3b109a45b9be414b3dfbb514f59134b7ab7e9b3ddbdc2df6412d0af005da1d40f18290ed8930bad537d02950de5ae0c1903e9d116c371289bd26888888683834de01ee3bf3e26f5ec3c3df79122dad8d3099357077b762e2a46cb4b736c36577c10433d252adb8f186993870e01d546ef92166cdc84553c3394c9e78351cdd1ab474b623233b17db5efe039e7afa59b4dbbcd0e8aca264a308a01afce8c975287de01e55e2c03adadb796fc6d1468ec87f3a0f47127c637dd9b49e9a26fb05131111513218b053dc3d5f598279f97f01a37112b4de1ca4a4ce165ff6b9b03b2c22fce931215d873feefa6ffce45fbf8f871f7e0016ab493cef85c7e982b3b3031a6707520d6e383a2e21cdac87db6513057ae1f57ae0763b317ffe8d11074ec96832a9291a1d6a515e141c409448bc1688888892cba023319efcfe43b01acc4835a6c3a8b1a2b3550e084a4746aa153f2a7b0493b39db82ad78c250b3e83496913a1b31b60f21a71f97c032c0617747088871b26a34e6d51e3abad94038f373ffe5df55c648c462374bac0766824f96f9cbf14fb2a0f0f7920d450c96b405e0b444444943c060d9df937ccc23315ff00b7f3029c8e26d8bb2fa2a3ad059919e9c89b9685f6b64fe0ecbe80540360f68830e01161c0a9c3db6fbd05a7cbe6ebbfd9d5d98113274e89f53d707b75f08a18faec33ff8a79f9d7ab522267b658d4148da48247fd23cfb786dcef3351780d101111259f4143a754bc6c31febde23bb0d9ce019a6e98cc069c69b880a79ff9251ace5f46775727341e1bb4ee6ec0ed82566bc06b6fbe83a6960ee88c66345dbc8c177ffd32ec4e51a0ce845f543e85af7cf98b6aebd191b55c16ab55cdd17823df7bd676131111259f8842a7b4e2afee42cdeedf61e1ed8be0f41860b44cc2f69dfbb1f9c7bf1201f4125cee4eb8ddadb0395ba013a1d46d4cc5efdf78175ead09e79a9ad1d669c7c2c2c5f853f576dcfde52fa8ad0e8dc16060f01c87e47b2edf7b2222224a3e038e5e0fe7e7cffd165b9edb81e387ebe1b69dc155392efcf8f14770756e1a8c3a039c2e0b7ef6fc7654fd4f0d1efac6d750fdda9f71f7bd0fe0ebdff8bada426cb8dd6ed8babb7dffa5b14bd66cca2675d67012111125af2185ce8037de7c17d5afbe8977de791be7ce9ec5a7afcbc2835fbb13399993f0a78f4ee2c8790f96162dc19225856a8df870381c70d8edbc9dd218236f8b2447a973d010111151f21b56e81c6d5c2e97efe1160f1940c7d0a18d0bf2b7d465d094bf34246ffcce9bbf1311118d1d632a7412111111d1e814f1402222222222a2a162e824222222a2b863e824222222a2b863e824222222a2b863e824222222a2b863e824222222a2b863e824222222a2b863e824222222a2b863e824222222a2b863e824222222a2b863e824222222a2b863e824222222a23803fe7f0d464f913ee9b28a0000000049454e44ae426082, 'Screenshot (1).png', 2);

-- --------------------------------------------------------

--
-- Table structure for table `r_life_insured_details`
--

CREATE TABLE `r_life_insured_details` (
  `li_id` int(10) UNSIGNED NOT NULL,
  `li_surname` varchar(100) DEFAULT NULL,
  `li_givenname` varchar(100) DEFAULT NULL,
  `li_middlename` varchar(100) DEFAULT NULL,
  `li_alias` varchar(100) DEFAULT NULL,
  `li_gender` varchar(10) DEFAULT NULL,
  `li_civilstatus` varchar(10) DEFAULT NULL,
  `li_civilstatusother` varchar(100) DEFAULT NULL,
  `li_salutation` varchar(100) DEFAULT NULL,
  `li_birthdate` varchar(100) DEFAULT NULL,
  `li_age` varchar(10) DEFAULT NULL,
  `li_nationality` varchar(100) DEFAULT NULL,
  `li_placeofbirth` varchar(100) DEFAULT NULL,
  `li_tinsssgsis` varchar(100) DEFAULT NULL,
  `li_occupation` varchar(100) DEFAULT NULL,
  `li_natureofwork` varchar(100) DEFAULT NULL,
  `li_employer` varchar(100) DEFAULT NULL,
  `li_natureofemployer` varchar(100) DEFAULT NULL,
  `li_annualincome` varchar(20) DEFAULT NULL,
  `li_networth` varchar(20) DEFAULT NULL,
  `li_sourceoffunds` varchar(10) DEFAULT NULL,
  `li_sourceoffundsother` varchar(100) DEFAULT NULL,
  `li_taxreturnfiling` varchar(10) DEFAULT NULL,
  `li_mobilenumber` varchar(100) DEFAULT NULL,
  `li_telephonenumber` varchar(100) DEFAULT NULL,
  `li_emailaddress` varchar(100) DEFAULT NULL,
  `li_presentaddress` varchar(100) DEFAULT NULL,
  `li_presentcountry` varchar(100) DEFAULT NULL,
  `li_presentzipcode` varchar(100) DEFAULT NULL,
  `li_permanentaddress` varchar(100) DEFAULT NULL,
  `li_permanentcountry` varchar(100) DEFAULT NULL,
  `li_permanentzipcode` varchar(100) DEFAULT NULL,
  `li_businessaddress` varchar(100) DEFAULT NULL,
  `li_businesscountry` varchar(100) DEFAULT NULL,
  `li_businesszipcode` varchar(100) DEFAULT NULL,
  `li_occupationchange` varchar(10) DEFAULT NULL,
  `li_addresschange` varchar(10) DEFAULT NULL
) ENGINE=InnoDB DEFAULT CHARSET=latin1;

--
-- Dumping data for table `r_life_insured_details`
--

INSERT INTO `r_life_insured_details` (`li_id`, `li_surname`, `li_givenname`, `li_middlename`, `li_alias`, `li_gender`, `li_civilstatus`, `li_civilstatusother`, `li_salutation`, `li_birthdate`, `li_age`, `li_nationality`, `li_placeofbirth`, `li_tinsssgsis`, `li_occupation`, `li_natureofwork`, `li_employer`, `li_natureofemployer`, `li_annualincome`, `li_networth`, `li_sourceoffunds`, `li_sourceoffundsother`, `li_taxreturnfiling`, `li_mobilenumber`, `li_telephonenumber`, `li_emailaddress`, `li_presentaddress`, `li_presentcountry`, `li_presentzipcode`, `li_permanentaddress`, `li_permanentcountry`, `li_permanentzipcode`, `li_businessaddress`, `li_businesscountry`, `li_businesszipcode`, `li_occupationchange`, `li_addresschange`) VALUES
(1, '', '', '', '', 'null', '', '', '', '', '', '', '', '', '', '', '', '', '', '', '', '', 'null', '', '', '', '', '', '', '', '', '', '', '', '', 'null', 'null'),
(2, 'PLAN', 'JOHN PAUL', 'LOAR', 'CHONG', 'Male', 'Single', '', '', '08/13/2018', '12', 'PINOY', 'QC', 'MR', 'GRUNT', 'GRUNT', 'NONE', 'NONE', '12K', '12', 'Salary', '', 'Yes', '098765432', '', '', '', '', '', '', '', '', '', '', '', 'null', 'null'),
(3, '', '', '', '', 'null', '', '', '', '', '', '', '', '', '', '', '', '', '', '', '', '', 'null', '', '', '', '', '', '', '', '', '', '', '', '', 'null', 'null'),
(4, '', '', '', '', 'null', '', '', '', '', '', '', '', '', '', '', '', '', '', '', '', '', 'null', '', '', '', '', '', '', '', '', '', '', '', '', 'null', 'null');

-- --------------------------------------------------------

--
-- Table structure for table `r_login_details`
--

CREATE TABLE `r_login_details` (
  `login_id` int(10) UNSIGNED NOT NULL,
  `login_username` varchar(100) NOT NULL,
  `login_password` varchar(100) NOT NULL
) ENGINE=InnoDB DEFAULT CHARSET=latin1;

--
-- Dumping data for table `r_login_details`
--

INSERT INTO `r_login_details` (`login_id`, `login_username`, `login_password`) VALUES
(1, 'login', 'pass');

-- --------------------------------------------------------

--
-- Table structure for table `r_medical_status_details`
--

CREATE TABLE `r_medical_status_details` (
  `ms_id` int(10) UNSIGNED NOT NULL,
  `ms_status` varchar(100) NOT NULL,
  `ms_remarks` varchar(200) NOT NULL,
  `ms_ref_c_id` int(10) UNSIGNED NOT NULL
) ENGINE=InnoDB DEFAULT CHARSET=latin1;

--
-- Dumping data for table `r_medical_status_details`
--

INSERT INTO `r_medical_status_details` (`ms_id`, `ms_status`, `ms_remarks`, `ms_ref_c_id`) VALUES
(1, 'Healthy', 'Qwert', 1),
(2, 'Pending', '', 2),
(3, 'Healthy', 'sdhdsjkjd', 4);

-- --------------------------------------------------------

--
-- Table structure for table `r_policyowner_details`
--

CREATE TABLE `r_policyowner_details` (
  `p_id` int(10) UNSIGNED NOT NULL,
  `p_surname` varchar(100) DEFAULT NULL,
  `p_givenname` varchar(100) DEFAULT NULL,
  `p_middlename` varchar(100) DEFAULT NULL,
  `p_alias` varchar(100) DEFAULT NULL,
  `p_gender` varchar(10) DEFAULT NULL,
  `p_civilstatus` varchar(10) DEFAULT NULL,
  `p_civilstatusother` varchar(100) DEFAULT NULL,
  `p_salutation` varchar(100) DEFAULT NULL,
  `p_birthdate` varchar(100) DEFAULT NULL,
  `p_age` varchar(10) DEFAULT NULL,
  `p_nationality` varchar(100) DEFAULT NULL,
  `p_placeofbirth` varchar(100) DEFAULT NULL,
  `p_tinsssgsis` varchar(100) DEFAULT NULL,
  `p_occupation` varchar(100) DEFAULT NULL,
  `p_natureofwork` varchar(100) DEFAULT NULL,
  `p_employer` varchar(100) DEFAULT NULL,
  `p_natureofemployer` varchar(100) DEFAULT NULL,
  `p_annualincome` varchar(20) DEFAULT NULL,
  `p_networth` varchar(20) DEFAULT NULL,
  `p_sourceoffunds` varchar(10) DEFAULT NULL,
  `p_sourceoffundsother` varchar(100) DEFAULT NULL,
  `p_taxreturnfiling` varchar(10) DEFAULT NULL,
  `p_mobilenumber` varchar(100) DEFAULT NULL,
  `p_telephonenumber` varchar(100) DEFAULT NULL,
  `p_emailaddress` varchar(100) DEFAULT NULL,
  `p_presentaddress` varchar(100) DEFAULT NULL,
  `p_presentcountry` varchar(100) DEFAULT NULL,
  `p_presentzipcode` varchar(100) DEFAULT NULL,
  `p_permanentaddress` varchar(100) DEFAULT NULL,
  `p_permanentcountry` varchar(100) DEFAULT NULL,
  `p_permanentzipcode` varchar(100) DEFAULT NULL,
  `p_businessaddress` varchar(100) DEFAULT NULL,
  `p_businesscountry` varchar(100) DEFAULT NULL,
  `p_businesszipcode` varchar(100) DEFAULT NULL,
  `p_occupationchange` varchar(10) DEFAULT NULL,
  `p_addresschange` varchar(10) DEFAULT NULL,
  `p_preferredaddress` varchar(100) DEFAULT NULL,
  `p_reltolifeinsured` varchar(100) DEFAULT NULL
) ENGINE=InnoDB DEFAULT CHARSET=latin1;

--
-- Dumping data for table `r_policyowner_details`
--

INSERT INTO `r_policyowner_details` (`p_id`, `p_surname`, `p_givenname`, `p_middlename`, `p_alias`, `p_gender`, `p_civilstatus`, `p_civilstatusother`, `p_salutation`, `p_birthdate`, `p_age`, `p_nationality`, `p_placeofbirth`, `p_tinsssgsis`, `p_occupation`, `p_natureofwork`, `p_employer`, `p_natureofemployer`, `p_annualincome`, `p_networth`, `p_sourceoffunds`, `p_sourceoffundsother`, `p_taxreturnfiling`, `p_mobilenumber`, `p_telephonenumber`, `p_emailaddress`, `p_presentaddress`, `p_presentcountry`, `p_presentzipcode`, `p_permanentaddress`, `p_permanentcountry`, `p_permanentzipcode`, `p_businessaddress`, `p_businesscountry`, `p_businesszipcode`, `p_occupationchange`, `p_addresschange`, `p_preferredaddress`, `p_reltolifeinsured`) VALUES
(1, 'Doe', 'John', '', '', 'null', '', '', '', '', '', '', '', '', '', '', '', '', '', '', '', '', 'null', '', '', '', '', '', '', '', '', '', '', '', '', 'null', 'null', '', ''),
(2, '', '', '', '', 'null', '', '', '', '', '', '', '', '', '', '', '', '', '', '', '', '', 'null', '', '', '', '', '', '', '', '', '', '', '', '', 'null', 'null', '', ''),
(3, 'Dizon', 'Malene', '', 'Mal', 'Female', 'Single', '', 'Ms', '08/14/2018', '20', 'Filipino', 'Quezon City', '1234', 'Student', 'Qwer', '', '', '120', '1000', 'Business', '', 'null', '09123456789', '0293924', 'malenedizon@gmail.com', '#123', 'Philippines', '1121', '', '', '', '', '', '', 'null', 'null', '', ''),
(4, 'LAbayen', 'Raven', '', '', 'null', '', '', '', '', '', '', '', '', '', '', '', '', '', '', '', '', 'null', '', '', '', '', '', '', '', '', '', '', '', '', 'null', 'null', '', '');

-- --------------------------------------------------------

--
-- Table structure for table `r_policy_information_details`
--

CREATE TABLE `r_policy_information_details` (
  `pi_id` int(10) UNSIGNED NOT NULL,
  `pi_planname` varchar(100) DEFAULT NULL,
  `pi_sumassured` varchar(20) DEFAULT NULL,
  `pi_currency` varchar(10) DEFAULT NULL,
  `pi_annualizedpremium` varchar(50) DEFAULT NULL,
  `pi_initialpremiumpaid` varchar(50) DEFAULT NULL,
  `pi_modeofpayment` varchar(100) DEFAULT NULL,
  `pi_methodofpayment` varchar(100) DEFAULT NULL,
  `pi_nonforfeitureopt` varchar(100) DEFAULT NULL,
  `pi_dividendopt` varchar(100) DEFAULT NULL,
  `pi_agreement` bit(1) DEFAULT b'0'
) ENGINE=InnoDB DEFAULT CHARSET=latin1;

--
-- Dumping data for table `r_policy_information_details`
--

INSERT INTO `r_policy_information_details` (`pi_id`, `pi_planname`, `pi_sumassured`, `pi_currency`, `pi_annualizedpremium`, `pi_initialpremiumpaid`, `pi_modeofpayment`, `pi_methodofpayment`, `pi_nonforfeitureopt`, `pi_dividendopt`, `pi_agreement`) VALUES
(1, 'VUL', '', 'null', '', '', '', '', '', '', b'0'),
(2, '', '', 'null', '', '', '', '', '', '', b'0'),
(3, 'Try Asdf', '', 'null', '', '', '', '', '', '', b'0'),
(4, 'VUL', '', 'null', '', '', '', '', '', '', b'0');

-- --------------------------------------------------------

--
-- Table structure for table `r_primary_beneficiary_details`
--

CREATE TABLE `r_primary_beneficiary_details` (
  `pb_id` int(10) UNSIGNED NOT NULL,
  `pb_name` varchar(100) DEFAULT NULL,
  `pb_birthdate` varchar(100) DEFAULT NULL,
  `pb_gender` varchar(100) DEFAULT NULL,
  `pb_reltoinsured` varchar(100) DEFAULT NULL,
  `pb_share` varchar(100) DEFAULT NULL,
  `pb_typeofbeneficiary` varchar(100) DEFAULT NULL,
  `pb_beneficiarydesignation` varchar(100) DEFAULT NULL,
  `pb_placeofbirth` varchar(100) DEFAULT NULL,
  `pb_nationality` varchar(100) DEFAULT NULL,
  `pb_presentaddress` varchar(100) DEFAULT NULL,
  `pb_country` varchar(100) DEFAULT NULL,
  `pb_zipcode` varchar(100) DEFAULT NULL
) ENGINE=InnoDB DEFAULT CHARSET=latin1;

--
-- Dumping data for table `r_primary_beneficiary_details`
--

INSERT INTO `r_primary_beneficiary_details` (`pb_id`, `pb_name`, `pb_birthdate`, `pb_gender`, `pb_reltoinsured`, `pb_share`, `pb_typeofbeneficiary`, `pb_beneficiarydesignation`, `pb_placeofbirth`, `pb_nationality`, `pb_presentaddress`, `pb_country`, `pb_zipcode`) VALUES
(1, '', '', 'null', '', '', '', '', '', '', '', '', ''),
(2, 'SARAH', '08/14/2018', 'Female', 'SIS', '100', 'Primary', 'Irrevocable', 'QC', 'UNKNOWN', 'HOME', '?', '??'),
(3, '', '', 'null', '', '', '', '', '', '', '', '', ''),
(4, '', '', 'null', '', '', '', '', '', '', '', '', '');

-- --------------------------------------------------------

--
-- Table structure for table `r_secondary_beneficiary_details`
--

CREATE TABLE `r_secondary_beneficiary_details` (
  `sb_id` int(10) UNSIGNED NOT NULL,
  `sb_name` varchar(100) DEFAULT NULL,
  `sb_birthdate` varchar(100) DEFAULT NULL,
  `sb_gender` varchar(100) DEFAULT NULL,
  `sb_reltoinsured` varchar(100) DEFAULT NULL,
  `sb_share` varchar(100) DEFAULT NULL,
  `sb_typeofbeneficiary` varchar(100) DEFAULT NULL,
  `sb_beneficiarydesignation` varchar(100) DEFAULT NULL,
  `sb_placeofbirth` varchar(100) DEFAULT NULL,
  `sb_nationality` varchar(100) DEFAULT NULL,
  `sb_presentaddress` varchar(100) DEFAULT NULL,
  `sb_country` varchar(100) DEFAULT NULL,
  `sb_zipcode` varchar(100) DEFAULT NULL
) ENGINE=InnoDB DEFAULT CHARSET=latin1;

--
-- Dumping data for table `r_secondary_beneficiary_details`
--

INSERT INTO `r_secondary_beneficiary_details` (`sb_id`, `sb_name`, `sb_birthdate`, `sb_gender`, `sb_reltoinsured`, `sb_share`, `sb_typeofbeneficiary`, `sb_beneficiarydesignation`, `sb_placeofbirth`, `sb_nationality`, `sb_presentaddress`, `sb_country`, `sb_zipcode`) VALUES
(1, '', '', 'null', '', '', '', '', '', '', '', '', ''),
(2, 'JUSTINE', '', 'null', 'SIS', '0', 'Secondary', 'Irrevocable', '', '', '', '??', '?'),
(3, '', '', 'null', '', '', '', '', '', '', '', '', ''),
(4, '', '', 'null', '', '', '', '', '', '', '', '', '');

-- --------------------------------------------------------

--
-- Table structure for table `trap`
--

CREATE TABLE `trap` (
  `trap` varchar(100) DEFAULT NULL
) ENGINE=InnoDB DEFAULT CHARSET=latin1;

--
-- Dumping data for table `trap`
--

INSERT INTO `trap` (`trap`) VALUES
('1'),
('1'),
('1'),
('1'),
('1'),
('1');

--
-- Indexes for dumped tables
--

--
-- Indexes for table `r_agent_information_details`
--
ALTER TABLE `r_agent_information_details`
  ADD PRIMARY KEY (`ai_id`);

--
-- Indexes for table `r_application_form_details`
--
ALTER TABLE `r_application_form_details`
  ADD PRIMARY KEY (`af_id`);

--
-- Indexes for table `r_application_requirements_details`
--
ALTER TABLE `r_application_requirements_details`
  ADD PRIMARY KEY (`ar_id`),
  ADD KEY `ar_ref_c_id` (`ar_ref_c_id`);

--
-- Indexes for table `r_application_status_details`
--
ALTER TABLE `r_application_status_details`
  ADD PRIMARY KEY (`as_id`),
  ADD KEY `as_ref_c_id` (`as_ref_c_id`);

--
-- Indexes for table `r_beneficial_owner_details`
--
ALTER TABLE `r_beneficial_owner_details`
  ADD PRIMARY KEY (`bo_id`);

--
-- Indexes for table `r_client_details`
--
ALTER TABLE `r_client_details`
  ADD PRIMARY KEY (`c_id`),
  ADD KEY `c_ref_af_id` (`c_ref_af_id`),
  ADD KEY `c_ref_ai_id` (`c_ref_ai_id`),
  ADD KEY `c_ref_bo_id` (`c_ref_bo_id`),
  ADD KEY `c_ref_li_id` (`c_ref_li_id`),
  ADD KEY `c_ref_pb_id` (`c_ref_pb_id`),
  ADD KEY `c_ref_pi_id` (`c_ref_pi_id`),
  ADD KEY `c_ref_p_id` (`c_ref_p_id`),
  ADD KEY `c_ref_sb_id` (`c_ref_sb_id`);

--
-- Indexes for table `r_file_details`
--
ALTER TABLE `r_file_details`
  ADD PRIMARY KEY (`f_id`);

--
-- Indexes for table `r_life_insured_details`
--
ALTER TABLE `r_life_insured_details`
  ADD PRIMARY KEY (`li_id`);

--
-- Indexes for table `r_login_details`
--
ALTER TABLE `r_login_details`
  ADD PRIMARY KEY (`login_id`);

--
-- Indexes for table `r_medical_status_details`
--
ALTER TABLE `r_medical_status_details`
  ADD PRIMARY KEY (`ms_id`),
  ADD KEY `ms_ref_c_id` (`ms_ref_c_id`);

--
-- Indexes for table `r_policyowner_details`
--
ALTER TABLE `r_policyowner_details`
  ADD PRIMARY KEY (`p_id`);

--
-- Indexes for table `r_policy_information_details`
--
ALTER TABLE `r_policy_information_details`
  ADD PRIMARY KEY (`pi_id`);

--
-- Indexes for table `r_primary_beneficiary_details`
--
ALTER TABLE `r_primary_beneficiary_details`
  ADD PRIMARY KEY (`pb_id`);

--
-- Indexes for table `r_secondary_beneficiary_details`
--
ALTER TABLE `r_secondary_beneficiary_details`
  ADD PRIMARY KEY (`sb_id`);

--
-- AUTO_INCREMENT for dumped tables
--

--
-- AUTO_INCREMENT for table `r_agent_information_details`
--
ALTER TABLE `r_agent_information_details`
  MODIFY `ai_id` int(10) UNSIGNED NOT NULL AUTO_INCREMENT, AUTO_INCREMENT=5;

--
-- AUTO_INCREMENT for table `r_application_form_details`
--
ALTER TABLE `r_application_form_details`
  MODIFY `af_id` int(10) UNSIGNED NOT NULL AUTO_INCREMENT, AUTO_INCREMENT=5;

--
-- AUTO_INCREMENT for table `r_application_requirements_details`
--
ALTER TABLE `r_application_requirements_details`
  MODIFY `ar_id` int(10) UNSIGNED NOT NULL AUTO_INCREMENT, AUTO_INCREMENT=5;

--
-- AUTO_INCREMENT for table `r_application_status_details`
--
ALTER TABLE `r_application_status_details`
  MODIFY `as_id` int(10) UNSIGNED NOT NULL AUTO_INCREMENT, AUTO_INCREMENT=5;

--
-- AUTO_INCREMENT for table `r_beneficial_owner_details`
--
ALTER TABLE `r_beneficial_owner_details`
  MODIFY `bo_id` int(10) UNSIGNED NOT NULL AUTO_INCREMENT, AUTO_INCREMENT=5;

--
-- AUTO_INCREMENT for table `r_client_details`
--
ALTER TABLE `r_client_details`
  MODIFY `c_id` int(10) UNSIGNED NOT NULL AUTO_INCREMENT, AUTO_INCREMENT=5;

--
-- AUTO_INCREMENT for table `r_file_details`
--
ALTER TABLE `r_file_details`
  MODIFY `f_id` int(10) UNSIGNED NOT NULL AUTO_INCREMENT, AUTO_INCREMENT=2;

--
-- AUTO_INCREMENT for table `r_life_insured_details`
--
ALTER TABLE `r_life_insured_details`
  MODIFY `li_id` int(10) UNSIGNED NOT NULL AUTO_INCREMENT, AUTO_INCREMENT=5;

--
-- AUTO_INCREMENT for table `r_login_details`
--
ALTER TABLE `r_login_details`
  MODIFY `login_id` int(10) UNSIGNED NOT NULL AUTO_INCREMENT, AUTO_INCREMENT=2;

--
-- AUTO_INCREMENT for table `r_medical_status_details`
--
ALTER TABLE `r_medical_status_details`
  MODIFY `ms_id` int(10) UNSIGNED NOT NULL AUTO_INCREMENT, AUTO_INCREMENT=4;

--
-- AUTO_INCREMENT for table `r_policyowner_details`
--
ALTER TABLE `r_policyowner_details`
  MODIFY `p_id` int(10) UNSIGNED NOT NULL AUTO_INCREMENT, AUTO_INCREMENT=5;

--
-- AUTO_INCREMENT for table `r_policy_information_details`
--
ALTER TABLE `r_policy_information_details`
  MODIFY `pi_id` int(10) UNSIGNED NOT NULL AUTO_INCREMENT, AUTO_INCREMENT=5;

--
-- AUTO_INCREMENT for table `r_primary_beneficiary_details`
--
ALTER TABLE `r_primary_beneficiary_details`
  MODIFY `pb_id` int(10) UNSIGNED NOT NULL AUTO_INCREMENT, AUTO_INCREMENT=5;

--
-- AUTO_INCREMENT for table `r_secondary_beneficiary_details`
--
ALTER TABLE `r_secondary_beneficiary_details`
  MODIFY `sb_id` int(10) UNSIGNED NOT NULL AUTO_INCREMENT, AUTO_INCREMENT=5;

--
-- Constraints for dumped tables
--

--
-- Constraints for table `r_application_requirements_details`
--
ALTER TABLE `r_application_requirements_details`
  ADD CONSTRAINT `r_application_requirements_details_ibfk_1` FOREIGN KEY (`ar_ref_c_id`) REFERENCES `r_client_details` (`c_id`);

--
-- Constraints for table `r_application_status_details`
--
ALTER TABLE `r_application_status_details`
  ADD CONSTRAINT `r_application_status_details_ibfk_1` FOREIGN KEY (`as_ref_c_id`) REFERENCES `r_client_details` (`c_id`);

--
-- Constraints for table `r_client_details`
--
ALTER TABLE `r_client_details`
  ADD CONSTRAINT `r_client_details_ibfk_1` FOREIGN KEY (`c_ref_af_id`) REFERENCES `r_application_form_details` (`af_id`),
  ADD CONSTRAINT `r_client_details_ibfk_2` FOREIGN KEY (`c_ref_ai_id`) REFERENCES `r_agent_information_details` (`ai_id`),
  ADD CONSTRAINT `r_client_details_ibfk_3` FOREIGN KEY (`c_ref_bo_id`) REFERENCES `r_beneficial_owner_details` (`bo_id`),
  ADD CONSTRAINT `r_client_details_ibfk_4` FOREIGN KEY (`c_ref_li_id`) REFERENCES `r_life_insured_details` (`li_id`),
  ADD CONSTRAINT `r_client_details_ibfk_5` FOREIGN KEY (`c_ref_pb_id`) REFERENCES `r_primary_beneficiary_details` (`pb_id`),
  ADD CONSTRAINT `r_client_details_ibfk_6` FOREIGN KEY (`c_ref_pi_id`) REFERENCES `r_policy_information_details` (`pi_id`),
  ADD CONSTRAINT `r_client_details_ibfk_7` FOREIGN KEY (`c_ref_p_id`) REFERENCES `r_policyowner_details` (`p_id`),
  ADD CONSTRAINT `r_client_details_ibfk_8` FOREIGN KEY (`c_ref_sb_id`) REFERENCES `r_secondary_beneficiary_details` (`sb_id`);

--
-- Constraints for table `r_medical_status_details`
--
ALTER TABLE `r_medical_status_details`
  ADD CONSTRAINT `r_medical_status_details_ibfk_1` FOREIGN KEY (`ms_ref_c_id`) REFERENCES `r_client_details` (`c_id`);
COMMIT;

/*!40101 SET CHARACTER_SET_CLIENT=@OLD_CHARACTER_SET_CLIENT */;
/*!40101 SET CHARACTER_SET_RESULTS=@OLD_CHARACTER_SET_RESULTS */;
/*!40101 SET COLLATION_CONNECTION=@OLD_COLLATION_CONNECTION */;
